S1,ST,S1_conf,ST_conf,names,Response,Method,ST-S1,Year
0.013368095042731504,0.49688127550460337,0.029083036743496656,0.06045994012024582,[Maize].Phenology.Juvenile.Target.FixedValue,Yield,fast,0.48351318046187186,1990
0.0058147056286141285,0.009430221981361897,0.02795194398785071,0.05646391363403166,[Maize].Phenology.FlagLeafToFlowering.Target.FixedValue,Yield,fast,0.0036155163527477685,1990
0.009935938798642546,0.02227382572440828,0.036350396469994085,0.05391033555875951,[Maize].Phenology.FloweringToGrainFilling.Target.FixedValue,Yield,fast,0.012337886925765734,1990
0.009483516223661679,0.027096465115586943,0.0359342032580721,0.06612046039414417,[Maize].Phenology.GrainFilling.Target.FixedValue,Yield,fast,0.017612948891925266,1990
6.902720174284429e-05,0.001048448188920359,0.03168127515119351,0.06331450266110464,[Maize].Cob.DMDemands.Structural.DMDemandFunction.MaximumOrganWt.FixedValue,Yield,fast,0.0009794209871775146,1990
0.06429139717339623,0.12257765642402663,0.03754274973385977,0.05280240924432459,[Maize].Grain.MaximumGrainsPerCob.FixedValue,Yield,fast,0.0582862592506304,1990
2.1906387026716546e-05,0.0012605740592046555,0.03167806250182985,0.0625888406458479,[Maize].Root.SpecificRootLength.FixedValue,Yield,fast,0.001238667672177939,1990
2.439971048950657e-05,0.0010544777293870489,0.03561437913291997,0.0641891764925441,[Maize].Phenology.Maturing.Target.FixedValue,Yield,fast,0.0010300780188975422,1990
0.38732385685720916,0.6864705486330116,0.035943989993283944,0.06565592656204755,[Maize].Leaf.Photosynthesis.RUE.FixedValue,Yield,fast,0.29914669177580244,1990
0.05592341267922955,0.10726378964429151,0.03056657618704289,0.05991858061254778,[Maize].Grain.MaximumPotentialGrainSize.FixedValue,Yield,fast,0.051340376965061954,1990
0.0072134545956093555,0.018387290666100564,0.03503807689125676,0.05810472682552645,[Maize].Grain.MaximumNConc.InitialPhase.InitialNconc.FixedValue,Yield,fast,0.01117383607049121,1990
1.7912610452374865e-05,0.0032770824833766588,0.03596290525542851,0.05726827815462717,[Maize].Phenology.MaturityToHarvestRipe.Target.FixedValue,Yield,fast,0.0032591698729242838,1990
0.2873533106703966,0.3881080362028012,0.037120078119972394,0.06250126139233186,[Maize].Phenology.Juvenile.Target.FixedValue,AGB,fast,0.10075472553240461,1990
0.0038431532240152137,0.006488656156524053,0.032319955464253,0.06162454931727371,[Maize].Phenology.FlagLeafToFlowering.Target.FixedValue,AGB,fast,0.0026455029325088393,1990
0.0005822776606716741,0.004462693633480619,0.03730707165353309,0.06527029555910223,[Maize].Phenology.FloweringToGrainFilling.Target.FixedValue,AGB,fast,0.003880415972808945,1990
0.0049799363146672635,0.02109908138104355,0.036422222941805436,0.055074424519612745,[Maize].Phenology.GrainFilling.Target.FixedValue,AGB,fast,0.016119145066376288,1990
0.0011731508751871623,0.002804187380301415,0.03505330873755193,0.06054208442311788,[Maize].Cob.DMDemands.Structural.DMDemandFunction.MaximumOrganWt.FixedValue,AGB,fast,0.0016310365051142527,1990
0.0021552980422143396,0.039272259076255644,0.03158451274756506,0.06876554920419263,[Maize].Grain.MaximumGrainsPerCob.FixedValue,AGB,fast,0.0371169610340413,1990
7.051155114251013e-06,0.00047181542709950897,0.036138601105795046,0.05679749807734038,[Maize].Root.SpecificRootLength.FixedValue,AGB,fast,0.00046476427198525794,1990
8.932410354175695e-06,0.0005343272315901926,0.033983076729291475,0.06880980297505855,[Maize].Phenology.Maturing.Target.FixedValue,AGB,fast,0.0005253948212360169,1990
0.5914091834042785,0.6946567909282053,0.031962679010988544,0.06728335277436374,[Maize].Leaf.Photosynthesis.RUE.FixedValue,AGB,fast,0.10324760752392681,1990
0.0025678634262757505,0.043603960844968204,0.03615756194406319,0.06905163032959197,[Maize].Grain.MaximumPotentialGrainSize.FixedValue,AGB,fast,0.041036097418692456,1990
0.001763521378468711,0.0050915460950783364,0.03578941870421248,0.05752977689952585,[Maize].Grain.MaximumNConc.InitialPhase.InitialNconc.FixedValue,AGB,fast,0.0033280247166096255,1990
2.0978147324363864e-05,0.0012973272436260785,0.027787830547577174,0.06382750752044263,[Maize].Phenology.MaturityToHarvestRipe.Target.FixedValue,AGB,fast,0.0012763490963017146,1990
0.096137474981461,0.39947187066308076,0.03504698031537935,0.0588571892344222,[Maize].Phenology.Juvenile.Target.FixedValue,TopN2O,fast,0.3033343956816198,1990
4.41730832321568e-05,0.0003106440248331621,0.04222380498394125,0.05543592794983269,[Maize].Phenology.FlagLeafToFlowering.Target.FixedValue,TopN2O,fast,0.0002664709416010053,1990
1.5248662346467725e-05,0.0002592491744389802,0.031665429122783834,0.05962449837272964,[Maize].Phenology.FloweringToGrainFilling.Target.FixedValue,TopN2O,fast,0.0002440005120925125,1990
0.0001759624676988308,0.0007515545052786399,0.03640936224826788,0.06519499281645554,[Maize].Phenology.GrainFilling.Target.FixedValue,TopN2O,fast,0.000575592037579809,1990
4.7063924852155505e-05,0.00024030901141813832,0.0409137915102283,0.056655805168736834,[Maize].Cob.DMDemands.Structural.DMDemandFunction.MaximumOrganWt.FixedValue,TopN2O,fast,0.00019324508656598283,1990
0.00012766125382040672,0.0007244664289551839,0.029572487588679395,0.06320030617741805,[Maize].Grain.MaximumGrainsPerCob.FixedValue,TopN2O,fast,0.0005968051751347772,1990
7.71755525879324e-06,0.0001761763808582062,0.03232909514564803,0.05601896377017138,[Maize].Root.SpecificRootLength.FixedValue,TopN2O,fast,0.00016845882559941296,1990
7.4129642052613195e-06,0.00016120447942102878,0.02994634447039165,0.06586069673119234,[Maize].Phenology.Maturing.Target.FixedValue,TopN2O,fast,0.00015379151521576745,1990
0.6136877049239725,0.9141963144867279,0.0314507009037132,0.05773292331984079,[Maize].Leaf.Photosynthesis.RUE.FixedValue,TopN2O,fast,0.3005086095627554,1990
0.0003456583847337217,0.005259181839191829,0.02804745736483893,0.05807909841229426,[Maize].Grain.MaximumPotentialGrainSize.FixedValue,TopN2O,fast,0.004913523454458107,1990
1.5423422002691416e-05,0.0010901878193209091,0.037711357982733264,0.06220935487672685,[Maize].Grain.MaximumNConc.InitialPhase.InitialNconc.FixedValue,TopN2O,fast,0.0010747643973182178,1990
3.6746157905191794e-05,0.0006541657891819819,0.034923203753700234,0.05039870030394356,[Maize].Phenology.MaturityToHarvestRipe.Target.FixedValue,TopN2O,fast,0.0006174196312767901,1990
0.1819833163116944,0.42755344849812515,0.033053831104750735,0.06104713100172992,[Maize].Phenology.Juvenile.Target.FixedValue,soc0_10cm,fast,0.24557013218643076,1990
2.5543383681756955e-06,0.0009103592677480732,0.029718034291361283,0.06015488206915046,[Maize].Phenology.FlagLeafToFlowering.Target.FixedValue,soc0_10cm,fast,0.0009078049293798975,1990
7.718640759980883e-06,0.0002731559624815638,0.03386676407315447,0.06138913339158563,[Maize].Phenology.FloweringToGrainFilling.Target.FixedValue,soc0_10cm,fast,0.00026543732172158295,1990
0.0028335862533214818,0.023922505278577866,0.03593241875212765,0.06497820269495677,[Maize].Phenology.GrainFilling.Target.FixedValue,soc0_10cm,fast,0.021088919025256385,1990
0.0003299080381581048,0.0010720906002065211,0.031810423156432774,0.056951995905352486,[Maize].Cob.DMDemands.Structural.DMDemandFunction.MaximumOrganWt.FixedValue,soc0_10cm,fast,0.0007421825620484164,1990
2.635269996500597e-06,0.0005240821902102732,0.036935375637879936,0.06756069988989782,[Maize].Grain.MaximumGrainsPerCob.FixedValue,soc0_10cm,fast,0.0005214469202137726,1990
8.492545663322496e-06,0.0002916381622267705,0.034102984559313106,0.0604334440593732,[Maize].Root.SpecificRootLength.FixedValue,soc0_10cm,fast,0.00028314561656344803,1990
8.67076164955565e-06,0.00026852176111380466,0.03853600273194837,0.056747812354989505,[Maize].Phenology.Maturing.Target.FixedValue,soc0_10cm,fast,0.000259850999464249,1990
0.6168349490388437,0.8241836533674782,0.034968160310164,0.06468132497127578,[Maize].Leaf.Photosynthesis.RUE.FixedValue,soc0_10cm,fast,0.2073487043286345,1990
0.00010386077126485027,0.00481245440052791,0.03637952131116701,0.06812479157484853,[Maize].Grain.MaximumPotentialGrainSize.FixedValue,soc0_10cm,fast,0.00470859362926306,1990
1.262534927152111e-05,0.0011825032417914771,0.03286625631202154,0.05276402573609958,[Maize].Grain.MaximumNConc.InitialPhase.InitialNconc.FixedValue,soc0_10cm,fast,0.001169877892519956,1990
0.00035562316007810003,0.005111310400288005,0.028264744847804668,0.05937394925739494,[Maize].Phenology.MaturityToHarvestRipe.Target.FixedValue,soc0_10cm,fast,0.004755687240209905,1990
0.21529819680620368,0.5237904784818526,0.0353389048333656,0.05363700274912016,[Maize].Phenology.Juvenile.Target.FixedValue,Top_respiration,fast,0.3084922816756489,1990
0.0016992784929262914,0.004869162517475156,0.03752609942252736,0.06379260985817162,[Maize].Phenology.FlagLeafToFlowering.Target.FixedValue,Top_respiration,fast,0.003169884024548865,1990
0.0007599209604589497,0.005023431762562147,0.032793462299228755,0.06779641213193276,[Maize].Phenology.FloweringToGrainFilling.Target.FixedValue,Top_respiration,fast,0.004263510802103198,1990
0.03284309296570182,0.11956949763671387,0.04420168211046061,0.06571248619847303,[Maize].Phenology.GrainFilling.Target.FixedValue,Top_respiration,fast,0.08672640467101206,1990
0.0003265295232120931,0.002081010824219076,0.030166416017005277,0.06182883756630761,[Maize].Cob.DMDemands.Structural.DMDemandFunction.MaximumOrganWt.FixedValue,Top_respiration,fast,0.001754481301006983,1990
3.7163343689994803e-06,0.00175667892437803,0.03276705347885403,0.0632943030581747,[Maize].Grain.MaximumGrainsPerCob.FixedValue,Top_respiration,fast,0.0017529625900090306,1990
6.847308299078362e-06,0.0005795657696298084,0.03731565048190716,0.06461012247005786,[Maize].Root.SpecificRootLength.FixedValue,Top_respiration,fast,0.0005727184613307301,1990
0.00013517970703884474,0.0012342064287489407,0.03263939110760477,0.06787813664190362,[Maize].Phenology.Maturing.Target.FixedValue,Top_respiration,fast,0.001099026721710096,1990
0.4562874317152722,0.7097541412676319,0.035183170724594086,0.06430064026757114,[Maize].Leaf.Photosynthesis.RUE.FixedValue,Top_respiration,fast,0.2534667095523597,1990
1.7779580803509024e-05,0.003435161348420257,0.03127424283241293,0.057084837362210074,[Maize].Grain.MaximumPotentialGrainSize.FixedValue,Top_respiration,fast,0.003417381767616748,1990
2.3589587290414837e-05,0.0049231820192252584,0.030073137251901343,0.05874755063550238,[Maize].Grain.MaximumNConc.InitialPhase.InitialNconc.FixedValue,Top_respiration,fast,0.004899592431934843,1990
0.0023050557273588935,0.01633299265484134,0.0312802865151855,0.057934119440896575,[Maize].Phenology.MaturityToHarvestRipe.Target.FixedValue,Top_respiration,fast,0.014027936927482445,1990
0.15028619459611653,0.9169530532766563,0.034419358975692455,0.06265640232475363,[Maize].Phenology.Juvenile.Target.FixedValue,Yield,fast,0.7666668586805399,1991
0.01159935502548086,0.02236240671621026,0.03772151247027416,0.053042487967719126,[Maize].Phenology.FlagLeafToFlowering.Target.FixedValue,Yield,fast,0.0107630516907294,1991
0.02076732796727401,0.040981688167168184,0.03294182372975318,0.06545971744280277,[Maize].Phenology.FloweringToGrainFilling.Target.FixedValue,Yield,fast,0.020214360199894175,1991
0.003921836515138704,0.033725397303088656,0.033526600540883536,0.06241995678787277,[Maize].Phenology.GrainFilling.Target.FixedValue,Yield,fast,0.02980356078794995,1991
0.0021405067407825715,0.011443019668851417,0.03266780155756588,0.0707970992239948,[Maize].Cob.DMDemands.Structural.DMDemandFunction.MaximumOrganWt.FixedValue,Yield,fast,0.009302512928068846,1991
0.03796387868076438,0.10900948208649075,0.03726147974772536,0.06485063432629058,[Maize].Grain.MaximumGrainsPerCob.FixedValue,Yield,fast,0.07104560340572637,1991
4.4725481094442e-05,0.008864759461730265,0.03624739882494424,0.057933212035221296,[Maize].Root.SpecificRootLength.FixedValue,Yield,fast,0.008820033980635822,1991
8.145606917414219e-05,0.008478323325806447,0.03442075916911534,0.05593688226124259,[Maize].Phenology.Maturing.Target.FixedValue,Yield,fast,0.008396867256632305,1991
0.04515177082521046,0.6116835199605781,0.03698181744771349,0.06363493883969243,[Maize].Leaf.Photosynthesis.RUE.FixedValue,Yield,fast,0.5665317491353676,1991
0.02062017541049787,0.05488679485071968,0.03531935622033137,0.06313820625772977,[Maize].Grain.MaximumPotentialGrainSize.FixedValue,Yield,fast,0.03426661944022181,1991
0.0028256356217269928,0.020741761256373614,0.03993748335422635,0.06507998125323843,[Maize].Grain.MaximumNConc.InitialPhase.InitialNconc.FixedValue,Yield,fast,0.01791612563464662,1991
0.0003034111123713544,0.010781735192171849,0.03260430371157632,0.06157121170450346,[Maize].Phenology.MaturityToHarvestRipe.Target.FixedValue,Yield,fast,0.010478324079800493,1991
0.05236995877319842,0.8865300970523695,0.037275650545436946,0.057087245060149616,[Maize].Phenology.Juvenile.Target.FixedValue,AGB,fast,0.8341601382791711,1991
6.268370890993059e-05,0.006281299911308991,0.031524601740172305,0.06710959559752154,[Maize].Phenology.FlagLeafToFlowering.Target.FixedValue,AGB,fast,0.00621861620239906,1991
0.0025138078229273875,0.016983419917818043,0.036192358328246674,0.0605360965954769,[Maize].Phenology.FloweringToGrainFilling.Target.FixedValue,AGB,fast,0.014469612094890656,1991
0.002051922064348242,0.030949413934213688,0.034627526269377644,0.06223636850698464,[Maize].Phenology.GrainFilling.Target.FixedValue,AGB,fast,0.028897491869865444,1991
0.0012377726046838302,0.008172410762765092,0.03303965744376066,0.059176721634440765,[Maize].Cob.DMDemands.Structural.DMDemandFunction.MaximumOrganWt.FixedValue,AGB,fast,0.0069346381580812615,1991
0.006632807891347008,0.036577214603536246,0.03307016091212462,0.06079376921802967,[Maize].Grain.MaximumGrainsPerCob.FixedValue,AGB,fast,0.029944406712189238,1991
6.000132105728258e-06,0.003060944074461447,0.038973189334291516,0.06515855855413626,[Maize].Root.SpecificRootLength.FixedValue,AGB,fast,0.0030549439423557187,1991
6.127608962518678e-05,0.0035470552670892053,0.037935597340038436,0.05135418744424319,[Maize].Phenology.Maturing.Target.FixedValue,AGB,fast,0.0034857791774640184,1991
0.022013451194452534,0.8331929192848739,0.03918795684407617,0.061650553851573836,[Maize].Leaf.Photosynthesis.RUE.FixedValue,AGB,fast,0.8111794680904214,1991
0.0010221949194723623,0.043641086983930655,0.03217854724732925,0.06625864064918044,[Maize].Grain.MaximumPotentialGrainSize.FixedValue,AGB,fast,0.04261889206445829,1991
0.001168803970433394,0.01177748779031318,0.03438187485825495,0.0667301828387096,[Maize].Grain.MaximumNConc.InitialPhase.InitialNconc.FixedValue,AGB,fast,0.010608683819879785,1991
0.00039378431369861444,0.00765171736269965,0.03598397913297885,0.05834163919289482,[Maize].Phenology.MaturityToHarvestRipe.Target.FixedValue,AGB,fast,0.007257933049001036,1991
0.2279687837860581,0.707817074388945,0.03337392316510824,0.056664136938359165,[Maize].Phenology.Juvenile.Target.FixedValue,TopN2O,fast,0.4798482906028869,1991
0.00025598562743590615,0.009681051263860319,0.032856217190359666,0.06625270777400363,[Maize].Phenology.FlagLeafToFlowering.Target.FixedValue,TopN2O,fast,0.009425065636424413,1991
2.406208897195412e-05,0.005263546107821426,0.024960455230661576,0.061816884369264746,[Maize].Phenology.FloweringToGrainFilling.Target.FixedValue,TopN2O,fast,0.005239484018849472,1991
0.0049751497906001555,0.05033643476183258,0.031884959862428085,0.06753210728314243,[Maize].Phenology.GrainFilling.Target.FixedValue,TopN2O,fast,0.04536128497123243,1991
0.00016222308979796404,0.0031743903593989264,0.03460028306123559,0.05638084575322353,[Maize].Cob.DMDemands.Structural.DMDemandFunction.MaximumOrganWt.FixedValue,TopN2O,fast,0.0030121672696009623,1991
0.00035039657833161935,0.004106604295671223,0.031927415905632396,0.05932374609577462,[Maize].Grain.MaximumGrainsPerCob.FixedValue,TopN2O,fast,0.003756207717339604,1991
1.343313009399576e-05,0.0009480523418452513,0.034027252176182764,0.06017601976466482,[Maize].Root.SpecificRootLength.FixedValue,TopN2O,fast,0.0009346192117512556,1991
1.0373285164419495e-05,0.0007308771329237462,0.03255279999344139,0.06374712405118692,[Maize].Phenology.Maturing.Target.FixedValue,TopN2O,fast,0.0007205038477593268,1991
0.3002955748419589,0.7315101009473752,0.029877772081180212,0.043575142597737836,[Maize].Leaf.Photosynthesis.RUE.FixedValue,TopN2O,fast,0.43121452610541633,1991
0.0077247947769703,0.03370845078765561,0.03154307743303234,0.05912304803216025,[Maize].Grain.MaximumPotentialGrainSize.FixedValue,TopN2O,fast,0.025983656010685308,1991
1.189339325124099e-05,0.0010055845944380026,0.03261305745889339,0.06321162239652278,[Maize].Grain.MaximumNConc.InitialPhase.InitialNconc.FixedValue,TopN2O,fast,0.0009936912011867616,1991
8.899311801792436e-06,0.0009891643153940866,0.03165469767905889,0.053942725067954535,[Maize].Phenology.MaturityToHarvestRipe.Target.FixedValue,TopN2O,fast,0.0009802650035922941,1991
0.39957647624338294,0.5104879551292881,0.036825373191497604,0.05711251702345664,[Maize].Phenology.Juvenile.Target.FixedValue,soc0_10cm,fast,0.11091147888590519,1991
0.01567863551098298,0.027549100739934662,0.034205740923289554,0.05870892422600666,[Maize].Phenology.FlagLeafToFlowering.Target.FixedValue,soc0_10cm,fast,0.01187046522895168,1991
0.008437624069908995,0.023382654669484637,0.04117531298691991,0.06152963964257823,[Maize].Phenology.FloweringToGrainFilling.Target.FixedValue,soc0_10cm,fast,0.014945030599575642,1991
0.010590263840390348,0.06333536679052998,0.03326610316432265,0.0602247676767023,[Maize].Phenology.GrainFilling.Target.FixedValue,soc0_10cm,fast,0.05274510295013963,1991
0.0033372391809179964,0.008800622063727892,0.034150767260080275,0.06345871818994865,[Maize].Cob.DMDemands.Structural.DMDemandFunction.MaximumOrganWt.FixedValue,soc0_10cm,fast,0.005463382882809896,1991
0.06144951484059107,0.12259388007966343,0.035079555743967546,0.055386956315957143,[Maize].Grain.MaximumGrainsPerCob.FixedValue,soc0_10cm,fast,0.06114436523907236,1991
3.249550686665892e-05,0.001176373320530666,0.03512134417310217,0.05888008940806558,[Maize].Root.SpecificRootLength.FixedValue,soc0_10cm,fast,0.001143877813664007,1991
5.768226179771007e-05,0.0018157568047761918,0.033076694653588555,0.058071314060549044,[Maize].Phenology.Maturing.Target.FixedValue,soc0_10cm,fast,0.0017580745429784817,1991
0.2749647765645445,0.3494239706101263,0.03197131297782429,0.06753321501075742,[Maize].Leaf.Photosynthesis.RUE.FixedValue,soc0_10cm,fast,0.07445919404558182,1991
0.040171267605826164,0.067412635718195,0.03571629021544807,0.06148407622516691,[Maize].Grain.MaximumPotentialGrainSize.FixedValue,soc0_10cm,fast,0.02724136811236884,1991
4.056656894372804e-05,0.0030998770651629037,0.03721015403455965,0.0670181570986598,[Maize].Grain.MaximumNConc.InitialPhase.InitialNconc.FixedValue,soc0_10cm,fast,0.0030593104962191755,1991
0.00018907616616609409,0.0038179673428784255,0.031113400379111013,0.05568850680313469,[Maize].Phenology.MaturityToHarvestRipe.Target.FixedValue,soc0_10cm,fast,0.0036288911767123314,1991
0.11117783480518462,0.7564989474369357,0.036186149901235476,0.05469730906925698,[Maize].Phenology.Juvenile.Target.FixedValue,Top_respiration,fast,0.6453211126317511,1991
0.007197070219923461,0.008694059381880392,0.03158657744840335,0.06070125022681864,[Maize].Phenology.FlagLeafToFlowering.Target.FixedValue,Top_respiration,fast,0.0014969891619569312,1991
0.000725490312719434,0.003328564811767354,0.029413635958697355,0.05943935597337261,[Maize].Phenology.FloweringToGrainFilling.Target.FixedValue,Top_respiration,fast,0.0026030744990479197,1991
0.0035444701597505015,0.028510566188562958,0.03570348399197011,0.06113063541863386,[Maize].Phenology.GrainFilling.Target.FixedValue,Top_respiration,fast,0.024966096028812456,1991
0.0004626694557567164,0.0025817170886652807,0.03462545412279764,0.06066018744257822,[Maize].Cob.DMDemands.Structural.DMDemandFunction.MaximumOrganWt.FixedValue,Top_respiration,fast,0.0021190476329085643,1991
0.009890306523515885,0.021913935831004983,0.03398342331439627,0.06696795076479943,[Maize].Grain.MaximumGrainsPerCob.FixedValue,Top_respiration,fast,0.012023629307489098,1991
1.7158533566034404e-05,0.0006680173345744445,0.03195359272073104,0.05329223648025882,[Maize].Root.SpecificRootLength.FixedValue,Top_respiration,fast,0.00065085880100841,1991
3.5142746199705463e-05,0.0008270375238866867,0.03346843633396626,0.06608572125985002,[Maize].Phenology.Maturing.Target.FixedValue,Top_respiration,fast,0.0007918947776869812,1991
0.29646537163934084,0.8690018593398254,0.030261839415818878,0.05814201074452052,[Maize].Leaf.Photosynthesis.RUE.FixedValue,Top_respiration,fast,0.5725364877004846,1991
0.032375984815480825,0.06707887232677079,0.03246006038294277,0.06450637433379308,[Maize].Grain.MaximumPotentialGrainSize.FixedValue,Top_respiration,fast,0.03470288751128996,1991
0.0005548233157946466,0.003988701984050991,0.03588141029287845,0.06800732321639986,[Maize].Grain.MaximumNConc.InitialPhase.InitialNconc.FixedValue,Top_respiration,fast,0.003433878668256344,1991
0.0006632490386605483,0.004727830125220267,0.032055920342965276,0.0609874085311953,[Maize].Phenology.MaturityToHarvestRipe.Target.FixedValue,Top_respiration,fast,0.004064581086559719,1991
0.196671931975883,0.5053210344641972,0.03436584645192495,0.06240636342472486,[Maize].Phenology.Juvenile.Target.FixedValue,Yield,fast,0.3086491024883142,1992
0.017761804267896322,0.03249051356729604,0.031947800850210796,0.0666122503252594,[Maize].Phenology.FlagLeafToFlowering.Target.FixedValue,Yield,fast,0.01472870929939972,1992
0.03348913336723869,0.05883958079320717,0.0376075143252523,0.061371476835274476,[Maize].Phenology.FloweringToGrainFilling.Target.FixedValue,Yield,fast,0.02535044742596848,1992
0.04454946876890718,0.08828510147320257,0.037192494527471386,0.06483584845731231,[Maize].Phenology.GrainFilling.Target.FixedValue,Yield,fast,0.04373563270429538,1992
0.0011178038901456572,0.0075746774997534905,0.030735289238867185,0.0691065260583223,[Maize].Cob.DMDemands.Structural.DMDemandFunction.MaximumOrganWt.FixedValue,Yield,fast,0.006456873609607833,1992
0.1688471117299197,0.24452976909987534,0.03356518702485332,0.06551021624149064,[Maize].Grain.MaximumGrainsPerCob.FixedValue,Yield,fast,0.07568265736995564,1992
3.802217019086482e-05,0.004715883637372409,0.031055597343449887,0.05987989304690021,[Maize].Root.SpecificRootLength.FixedValue,Yield,fast,0.0046778614671815445,1992
3.421103089545045e-05,0.0037644592214099992,0.035074008369070764,0.06134536064297044,[Maize].Phenology.Maturing.Target.FixedValue,Yield,fast,0.003730248190514549,1992
0.09391986206775321,0.3453014927115685,0.031033715364595014,0.07288756742918427,[Maize].Leaf.Photosynthesis.RUE.FixedValue,Yield,fast,0.2513816306438153,1992
0.13515506371562122,0.22834938625503776,0.027295036597231846,0.06461739779635872,[Maize].Grain.MaximumPotentialGrainSize.FixedValue,Yield,fast,0.09319432253941654,1992
0.002971395468569548,0.016715784087620533,0.034741717691524565,0.05735018762942903,[Maize].Grain.MaximumNConc.InitialPhase.InitialNconc.FixedValue,Yield,fast,0.013744388619050986,1992
7.156351492769023e-05,0.007552650426673857,0.028821466628715042,0.06973617473261813,[Maize].Phenology.MaturityToHarvestRipe.Target.FixedValue,Yield,fast,0.007481086911746167,1992
0.09540077728889247,0.6905385108114843,0.028493057596767433,0.05530746452968073,[Maize].Phenology.Juvenile.Target.FixedValue,AGB,fast,0.5951377335225918,1992
0.004745255252939119,0.016200960656619356,0.031248294232271295,0.05888803645245989,[Maize].Phenology.FlagLeafToFlowering.Target.FixedValue,AGB,fast,0.011455705403680239,1992
0.0005767314180475356,0.034192678649851316,0.03245638402465717,0.06803013495747025,[Maize].Phenology.FloweringToGrainFilling.Target.FixedValue,AGB,fast,0.03361594723180378,1992
0.005141350366659743,0.0413743810366759,0.03214614400732188,0.05512157913701585,[Maize].Phenology.GrainFilling.Target.FixedValue,AGB,fast,0.03623303067001616,1992
0.0001753665981115452,0.0071960167372150385,0.031248072623930645,0.05749086212083666,[Maize].Cob.DMDemands.Structural.DMDemandFunction.MaximumOrganWt.FixedValue,AGB,fast,0.007020650139103493,1992
0.01273056019721032,0.05358454257481071,0.026607974258950676,0.06230106298482302,[Maize].Grain.MaximumGrainsPerCob.FixedValue,AGB,fast,0.04085398237760039,1992
3.495350136261932e-05,0.003807696782603842,0.037429486941243276,0.06067121403973249,[Maize].Root.SpecificRootLength.FixedValue,AGB,fast,0.003772743281241223,1992
3.909869155704003e-05,0.003202185280401837,0.038289796324010916,0.05794874359446694,[Maize].Phenology.Maturing.Target.FixedValue,AGB,fast,0.003163086588844797,1992
0.06559404535501033,0.7494544000585999,0.032535822422776785,0.05184506061363362,[Maize].Leaf.Photosynthesis.RUE.FixedValue,AGB,fast,0.6838603547035895,1992
0.011828248380665624,0.23547782905498904,0.03291963724754161,0.0653502218844063,[Maize].Grain.MaximumPotentialGrainSize.FixedValue,AGB,fast,0.22364958067432342,1992
0.002866883932351361,0.012973898782207782,0.03044533126032616,0.06904737981542414,[Maize].Grain.MaximumNConc.InitialPhase.InitialNconc.FixedValue,AGB,fast,0.010107014849856422,1992
4.268803366102068e-05,0.008333934739080062,0.03163232820158233,0.05373174712401573,[Maize].Phenology.MaturityToHarvestRipe.Target.FixedValue,AGB,fast,0.008291246705419041,1992
0.2605361594979725,0.7207502919623877,0.031065001972281604,0.0638884133244863,[Maize].Phenology.Juvenile.Target.FixedValue,TopN2O,fast,0.4602141324644152,1992
0.00012540156266671877,0.0008086456163299838,0.03202838704749561,0.053281303608087804,[Maize].Phenology.FlagLeafToFlowering.Target.FixedValue,TopN2O,fast,0.000683244053663265,1992
7.174804149778221e-05,0.0014319372821501863,0.030259856355485695,0.06137613470215891,[Maize].Phenology.FloweringToGrainFilling.Target.FixedValue,TopN2O,fast,0.0013601892406524042,1992
0.0004591222136617666,0.009087153103442547,0.03303749401553557,0.06330138201849944,[Maize].Phenology.GrainFilling.Target.FixedValue,TopN2O,fast,0.00862803088978078,1992
1.3025009090160048e-05,0.001354932483511706,0.03891123970509537,0.053962224004280995,[Maize].Cob.DMDemands.Structural.DMDemandFunction.MaximumOrganWt.FixedValue,TopN2O,fast,0.001341907474421546,1992
0.0003569289232270605,0.004576852281654609,0.03383222129643367,0.05511356877258019,[Maize].Grain.MaximumGrainsPerCob.FixedValue,TopN2O,fast,0.0042199233584275485,1992
9.43855030244719e-06,0.0008097588914903753,0.03135674372228361,0.054669984895692844,[Maize].Root.SpecificRootLength.FixedValue,TopN2O,fast,0.000800320341187928,1992
1.3958438744644603e-05,0.0007740256203286888,0.026466036595626786,0.06631971154956406,[Maize].Phenology.Maturing.Target.FixedValue,TopN2O,fast,0.0007600671815840443,1992
0.2385622207379529,0.7751029159814234,0.0333573312480525,0.05732463537059119,[Maize].Leaf.Photosynthesis.RUE.FixedValue,TopN2O,fast,0.5365406952434706,1992
0.005949060660639532,0.07422323922436758,0.03126830281725417,0.05614371585100232,[Maize].Grain.MaximumPotentialGrainSize.FixedValue,TopN2O,fast,0.06827417856372804,1992
6.448060763339518e-05,0.0022718626615627624,0.03638233257568359,0.056384425477310034,[Maize].Grain.MaximumNConc.InitialPhase.InitialNconc.FixedValue,TopN2O,fast,0.0022073820539293674,1992
0.0001726103835773671,0.007865300486738058,0.036860328333647316,0.06719286247916667,[Maize].Phenology.MaturityToHarvestRipe.Target.FixedValue,TopN2O,fast,0.007692690103160691,1992
0.45511064235566995,0.6300077063020002,0.038460622621382314,0.061068334169868815,[Maize].Phenology.Juvenile.Target.FixedValue,soc0_10cm,fast,0.17489706394633026,1992
0.02414858063324808,0.03882514397930514,0.03433898364642595,0.057475216301497184,[Maize].Phenology.FlagLeafToFlowering.Target.FixedValue,soc0_10cm,fast,0.014676563346057065,1992
0.012817227157795447,0.031395331410340344,0.03554328967903697,0.06153974365639635,[Maize].Phenology.FloweringToGrainFilling.Target.FixedValue,soc0_10cm,fast,0.018578104252544896,1992
0.028423747409811507,0.08640918739533099,0.029788074495823737,0.05747461996495577,[Maize].Phenology.GrainFilling.Target.FixedValue,soc0_10cm,fast,0.057985439985519485,1992
0.0068196057238684524,0.014248378181931698,0.031928507432010575,0.059619349036487496,[Maize].Cob.DMDemands.Structural.DMDemandFunction.MaximumOrganWt.FixedValue,soc0_10cm,fast,0.0074287724580632455,1992
0.07655428350151429,0.1448844495028756,0.030428494430762346,0.057544266432869216,[Maize].Grain.MaximumGrainsPerCob.FixedValue,soc0_10cm,fast,0.06833016600136131,1992
6.646758167337689e-05,0.0012430312766532614,0.03488222230486238,0.05258061604930999,[Maize].Root.SpecificRootLength.FixedValue,soc0_10cm,fast,0.0011765636949798844,1992
5.003657765953895e-05,0.001821993192643867,0.040386654363644116,0.06510708961713096,[Maize].Phenology.Maturing.Target.FixedValue,soc0_10cm,fast,0.001771956614984328,1992
0.1308232420449777,0.2503748349053606,0.03091898264477301,0.05865060286239121,[Maize].Leaf.Photosynthesis.RUE.FixedValue,soc0_10cm,fast,0.11955159286038292,1992
0.04793067338619394,0.07592828648323824,0.0386153862040628,0.06279919638777336,[Maize].Grain.MaximumPotentialGrainSize.FixedValue,soc0_10cm,fast,0.0279976130970443,1992
5.560879626431022e-05,0.0037636305948726134,0.03180061869157218,0.06719730672138173,[Maize].Grain.MaximumNConc.InitialPhase.InitialNconc.FixedValue,soc0_10cm,fast,0.0037080217986083033,1992
8.321949733232877e-05,0.0040148416937867415,0.03364411111674486,0.062382768918672483,[Maize].Phenology.MaturityToHarvestRipe.Target.FixedValue,soc0_10cm,fast,0.003931622196454413,1992
0.1554080999701546,0.6984274529993054,0.032799576432692115,0.06458267396506377,[Maize].Phenology.Juvenile.Target.FixedValue,Top_respiration,fast,0.5430193530291508,1992
0.02580993921474728,0.03662064057126546,0.04108284255869952,0.05988093447819356,[Maize].Phenology.FlagLeafToFlowering.Target.FixedValue,Top_respiration,fast,0.010810701356518182,1992
0.010848448818610915,0.02192240631598097,0.038628269918007135,0.05789698138055704,[Maize].Phenology.FloweringToGrainFilling.Target.FixedValue,Top_respiration,fast,0.011073957497370054,1992
0.03943115885351428,0.0704448551516319,0.031881861244595765,0.06164336557857592,[Maize].Phenology.GrainFilling.Target.FixedValue,Top_respiration,fast,0.03101369629811762,1992
0.007252677595007766,0.01085587642457464,0.03265255038333508,0.06102518339022805,[Maize].Cob.DMDemands.Structural.DMDemandFunction.MaximumOrganWt.FixedValue,Top_respiration,fast,0.0036031988295668737,1992
0.06946725015955842,0.11141743813622662,0.035101813105846036,0.054327319886264394,[Maize].Grain.MaximumGrainsPerCob.FixedValue,Top_respiration,fast,0.041950187976668205,1992
3.6090279208543325e-05,0.001368849260648508,0.033646024902967184,0.05771886295044452,[Maize].Root.SpecificRootLength.FixedValue,Top_respiration,fast,0.0013327589814399647,1992
1.3751918958201502e-05,0.0019267074007696117,0.035830401380154045,0.05569819988251836,[Maize].Phenology.Maturing.Target.FixedValue,Top_respiration,fast,0.0019129554818114103,1992
0.11799330732958219,0.6007176858822407,0.036101899790751714,0.06253730698689576,[Maize].Leaf.Photosynthesis.RUE.FixedValue,Top_respiration,fast,0.48272437855265854,1992
0.0484500638660954,0.07343920815957938,0.03731783278968763,0.05809231582965081,[Maize].Grain.MaximumPotentialGrainSize.FixedValue,Top_respiration,fast,0.024989144293483985,1992
4.9524644989523334e-05,0.004890507705079594,0.038714042980631184,0.06302418625769554,[Maize].Grain.MaximumNConc.InitialPhase.InitialNconc.FixedValue,Top_respiration,fast,0.004840983060090071,1992
0.00029678116119805304,0.0060095451171581216,0.03274301363928457,0.06463801740487769,[Maize].Phenology.MaturityToHarvestRipe.Target.FixedValue,Top_respiration,fast,0.005712763955960069,1992
0.21171676062386016,0.39047285097113293,0.032924003818502696,0.060652240632283305,[Maize].Phenology.Juvenile.Target.FixedValue,Yield,fast,0.17875609034727277,1993
0.002557647965198928,0.00852485441969042,0.03771128874019518,0.05614424255816229,[Maize].Phenology.FlagLeafToFlowering.Target.FixedValue,Yield,fast,0.005967206454491492,1993
0.009873382154328333,0.024507239063128683,0.03376004415711987,0.062268183401012006,[Maize].Phenology.FloweringToGrainFilling.Target.FixedValue,Yield,fast,0.01463385690880035,1993
0.027509527482975228,0.05693192834145511,0.02881088737450618,0.0607474331706231,[Maize].Phenology.GrainFilling.Target.FixedValue,Yield,fast,0.02942240085847988,1993
0.0003484546819641315,0.0022367340147809722,0.03422525703742183,0.05544868817696318,[Maize].Cob.DMDemands.Structural.DMDemandFunction.MaximumOrganWt.FixedValue,Yield,fast,0.0018882793328168408,1993
0.09316047721945309,0.12294898145244115,0.02992195049109187,0.06547802475905318,[Maize].Grain.MaximumGrainsPerCob.FixedValue,Yield,fast,0.029788504232988067,1993
1.244110049112162e-05,0.0012572320982368046,0.031886278049620166,0.057883244476536894,[Maize].Root.SpecificRootLength.FixedValue,Yield,fast,0.001244790997745683,1993
1.2402718196069897e-05,0.0010700787211247453,0.036097302717923246,0.05428823719888188,[Maize].Phenology.Maturing.Target.FixedValue,Yield,fast,0.0010576760029286755,1993
0.3260775734681022,0.4222765390834734,0.035899181987655106,0.06343093342640424,[Maize].Leaf.Photosynthesis.RUE.FixedValue,Yield,fast,0.09619896561537122,1993
0.21111908557226813,0.2644651879116915,0.02840109637381087,0.060220044913655284,[Maize].Grain.MaximumPotentialGrainSize.FixedValue,Yield,fast,0.05334610233942336,1993
0.0007787412814003179,0.0041845265979501,0.03612322175736286,0.05863515309335135,[Maize].Grain.MaximumNConc.InitialPhase.InitialNconc.FixedValue,Yield,fast,0.003405785316549782,1993
1.1060093585350753e-05,0.003125272894375919,0.030383671505702623,0.058566275714144245,[Maize].Phenology.MaturityToHarvestRipe.Target.FixedValue,Yield,fast,0.0031142128007905683,1993
0.4500784861004123,0.6046399465030825,0.03567284276898892,0.06243162446317355,[Maize].Phenology.Juvenile.Target.FixedValue,AGB,fast,0.15456146040267021,1993
0.002029494344802538,0.005653711880553525,0.03360637405335837,0.056305256473376315,[Maize].Phenology.FlagLeafToFlowering.Target.FixedValue,AGB,fast,0.003624217535750987,1993
0.0006995678773663968,0.010654425605195028,0.028283151625125246,0.061807085960787066,[Maize].Phenology.FloweringToGrainFilling.Target.FixedValue,AGB,fast,0.009954857727828632,1993
0.004165984176848342,0.028220047035570572,0.03468803323047739,0.06508322650321595,[Maize].Phenology.GrainFilling.Target.FixedValue,AGB,fast,0.02405406285872223,1993
2.3946787127201157e-05,0.0017054299289963604,0.03502958289514662,0.057742901860661396,[Maize].Cob.DMDemands.Structural.DMDemandFunction.MaximumOrganWt.FixedValue,AGB,fast,0.001681483141869159,1993
0.00515229038475413,0.02758613712700564,0.031903642364119904,0.05962745235895323,[Maize].Grain.MaximumGrainsPerCob.FixedValue,AGB,fast,0.02243384674225151,1993
4.03639316547508e-06,0.0016206817846128319,0.03178332276515903,0.06507335299647947,[Maize].Root.SpecificRootLength.FixedValue,AGB,fast,0.0016166453914473568,1993
6.119394147680197e-06,0.001177915767065052,0.03587648096327192,0.05675942292728245,[Maize].Phenology.Maturing.Target.FixedValue,AGB,fast,0.0011717963729173718,1993
0.3465789517157019,0.4849882254809511,0.0320323691714949,0.05968605074674617,[Maize].Leaf.Photosynthesis.RUE.FixedValue,AGB,fast,0.1384092737652492,1993
0.04836451943579865,0.11138500968861809,0.03553506463835682,0.07016464730275938,[Maize].Grain.MaximumPotentialGrainSize.FixedValue,AGB,fast,0.06302049025281944,1993
0.00042320920209255105,0.003604443477306929,0.03544533062253238,0.06796734411203537,[Maize].Grain.MaximumNConc.InitialPhase.InitialNconc.FixedValue,AGB,fast,0.003181234275214378,1993
4.72711789280004e-06,0.002857531896065968,0.03729410803872542,0.06741562702387845,[Maize].Phenology.MaturityToHarvestRipe.Target.FixedValue,AGB,fast,0.002852804778173168,1993
0.3328918327860429,0.7150867524655742,0.03440918616289634,0.057997133112786745,[Maize].Phenology.Juvenile.Target.FixedValue,TopN2O,fast,0.3821949196795313,1993
0.0002448207683969666,0.0010224782909181718,0.034442742984970874,0.050934891632481515,[Maize].Phenology.FlagLeafToFlowering.Target.FixedValue,TopN2O,fast,0.0007776575225212052,1993
0.000124768112270498,0.0015103441396880912,0.032056844032006704,0.06551575773897281,[Maize].Phenology.FloweringToGrainFilling.Target.FixedValue,TopN2O,fast,0.0013855760274175933,1993
0.0019675089995721475,0.01735473945335486,0.030546003774625047,0.06724029961599065,[Maize].Phenology.GrainFilling.Target.FixedValue,TopN2O,fast,0.015387230453782715,1993
9.763291349767067e-05,0.0010393815679461404,0.031555254430873377,0.054250489401556114,[Maize].Cob.DMDemands.Structural.DMDemandFunction.MaximumOrganWt.FixedValue,TopN2O,fast,0.0009417486544484698,1993
0.0018888552278063994,0.009268306745675692,0.033123210247270884,0.06251511370855668,[Maize].Grain.MaximumGrainsPerCob.FixedValue,TopN2O,fast,0.007379451517869292,1993
2.349132096320593e-06,0.000495361638494729,0.03742305998834423,0.06534361363831506,[Maize].Root.SpecificRootLength.FixedValue,TopN2O,fast,0.0004930125063984085,1993
1.5570978887102925e-05,0.000581389428029988,0.0368594057611233,0.05758340284344768,[Maize].Phenology.Maturing.Target.FixedValue,TopN2O,fast,0.0005658184491428852,1993
0.30058785598805415,0.6950524310144601,0.03142584462760707,0.06931254292126014,[Maize].Leaf.Photosynthesis.RUE.FixedValue,TopN2O,fast,0.394464575026406,1993
0.012750117841706366,0.06507666196498929,0.03371560179161437,0.05632597810971141,[Maize].Grain.MaximumPotentialGrainSize.FixedValue,TopN2O,fast,0.05232654412328293,1993
4.0323233333827e-05,0.0012300635743629496,0.035461156919207336,0.06251631857359767,[Maize].Grain.MaximumNConc.InitialPhase.InitialNconc.FixedValue,TopN2O,fast,0.0011897403410291226,1993
0.00020805761163092442,0.0037228512929982083,0.029002643947689578,0.06488626006418309,[Maize].Phenology.MaturityToHarvestRipe.Target.FixedValue,TopN2O,fast,0.0035147936813672838,1993
0.5656927385955745,0.674283989511478,0.034050434718915244,0.054998102673505786,[Maize].Phenology.Juvenile.Target.FixedValue,soc0_10cm,fast,0.1085912509159036,1993
0.0337039497846682,0.049464580734771446,0.029768553677497506,0.05221478940549295,[Maize].Phenology.FlagLeafToFlowering.Target.FixedValue,soc0_10cm,fast,0.015760630950103244,1993
0.011997169021920592,0.023950514917950638,0.03213022281298152,0.05912127588336312,[Maize].Phenology.FloweringToGrainFilling.Target.FixedValue,soc0_10cm,fast,0.011953345896030046,1993
0.020841794616018604,0.07409836641719547,0.0323887844764224,0.058368373668725326,[Maize].Phenology.GrainFilling.Target.FixedValue,soc0_10cm,fast,0.053256571801176864,1993
0.004973149526313723,0.010672888911235634,0.02920472842864006,0.05578907869369789,[Maize].Cob.DMDemands.Structural.DMDemandFunction.MaximumOrganWt.FixedValue,soc0_10cm,fast,0.005699739384921911,1993
0.08674340100982882,0.12978211300931752,0.03019931821373603,0.061000065030653416,[Maize].Grain.MaximumGrainsPerCob.FixedValue,soc0_10cm,fast,0.04303871199948871,1993
4.028324141594608e-05,0.001297843452628289,0.030939241216146832,0.06225719730234884,[Maize].Root.SpecificRootLength.FixedValue,soc0_10cm,fast,0.0012575602112123428,1993
0.00011006413675819737,0.001653784326474339,0.03514925079109962,0.06229319572493447,[Maize].Phenology.Maturing.Target.FixedValue,soc0_10cm,fast,0.0015437201897161416,1993
0.0543162500445148,0.11187125342247373,0.032758557779158856,0.05781605282237019,[Maize].Leaf.Photosynthesis.RUE.FixedValue,soc0_10cm,fast,0.05755500337795893,1993
0.07941769728389263,0.103818039783511,0.030979087667675657,0.056538972674081284,[Maize].Grain.MaximumPotentialGrainSize.FixedValue,soc0_10cm,fast,0.02440034249961838,1993
4.0791368501798225e-05,0.0029782475390577323,0.032967867666457165,0.05897726711419224,[Maize].Grain.MaximumNConc.InitialPhase.InitialNconc.FixedValue,soc0_10cm,fast,0.002937456170555934,1993
0.00013774605727680543,0.002923850384014881,0.034421955226352954,0.05721923931011292,[Maize].Phenology.MaturityToHarvestRipe.Target.FixedValue,soc0_10cm,fast,0.0027861043267380756,1993
0.5652757645271068,0.6614262598475176,0.03235970005839376,0.05945082261164072,[Maize].Phenology.Juvenile.Target.FixedValue,Top_respiration,fast,0.09615049532041076,1993
0.07410451391350181,0.09028210128339997,0.03346238061276396,0.06404598980903727,[Maize].Phenology.FlagLeafToFlowering.Target.FixedValue,Top_respiration,fast,0.01617758736989816,1993
0.025226222482564065,0.062292966154609886,0.032109261018028794,0.06515447324667205,[Maize].Phenology.FloweringToGrainFilling.Target.FixedValue,Top_respiration,fast,0.03706674367204582,1993
0.05733121973922243,0.09402380537275823,0.03282574206656512,0.06702958261244661,[Maize].Phenology.GrainFilling.Target.FixedValue,Top_respiration,fast,0.0366925856335358,1993
0.0022389747506305485,0.006355468687434751,0.033678614472319415,0.06453044612959202,[Maize].Cob.DMDemands.Structural.DMDemandFunction.MaximumOrganWt.FixedValue,Top_respiration,fast,0.0041164939368042025,1993
0.0638955516226069,0.08052381030213007,0.0371209066470204,0.05856384622344717,[Maize].Grain.MaximumGrainsPerCob.FixedValue,Top_respiration,fast,0.016628258679523167,1993
4.203722712215524e-05,0.003213425570711248,0.043882255958821524,0.05509487782009854,[Maize].Root.SpecificRootLength.FixedValue,Top_respiration,fast,0.0031713883435890928,1993
0.00017158221255216506,0.004973042530746374,0.04071110701912781,0.060470742636997574,[Maize].Phenology.Maturing.Target.FixedValue,Top_respiration,fast,0.004801460318194209,1993
0.051513052096626884,0.09938981179708228,0.039166525411468846,0.05934945495827934,[Maize].Leaf.Photosynthesis.RUE.FixedValue,Top_respiration,fast,0.0478767597004554,1993
0.0857825320155694,0.10426544719305231,0.030733802110438982,0.0660730500541886,[Maize].Grain.MaximumPotentialGrainSize.FixedValue,Top_respiration,fast,0.018482915177482906,1993
0.00017608870168246612,0.0029138250670536214,0.03302643652984758,0.05463675501646656,[Maize].Grain.MaximumNConc.InitialPhase.InitialNconc.FixedValue,Top_respiration,fast,0.0027377363653711554,1993
0.0005257185960378578,0.008987071962210602,0.030863417333103743,0.06438514405526771,[Maize].Phenology.MaturityToHarvestRipe.Target.FixedValue,Top_respiration,fast,0.008461353366172744,1993
0.02639994882182941,0.6248399789312467,0.028097531470242135,0.05944316228386312,[Maize].Phenology.Juvenile.Target.FixedValue,Yield,fast,0.5984400301094173,1994
0.00041317568456487587,0.007343116829676033,0.03460784790226443,0.06481451548721787,[Maize].Phenology.FlagLeafToFlowering.Target.FixedValue,Yield,fast,0.006929941145111157,1994
0.009108290286381604,0.024152138629792375,0.03207572054115354,0.06071109784036043,[Maize].Phenology.FloweringToGrainFilling.Target.FixedValue,Yield,fast,0.01504384834341077,1994
0.012198735503691436,0.04500785192253509,0.03542313810937709,0.05870335673339237,[Maize].Phenology.GrainFilling.Target.FixedValue,Yield,fast,0.032809116418843653,1994
1.2668898268718735e-05,0.0030501124053516904,0.03520845153619757,0.06436747940512749,[Maize].Cob.DMDemands.Structural.DMDemandFunction.MaximumOrganWt.FixedValue,Yield,fast,0.0030374435070829714,1994
0.038594327887536695,0.1103410394414045,0.03682832814997741,0.06686915232446976,[Maize].Grain.MaximumGrainsPerCob.FixedValue,Yield,fast,0.0717467115538678,1994
3.891896541640944e-05,0.00569463535576098,0.03209736085232126,0.058467812365128026,[Maize].Root.SpecificRootLength.FixedValue,Yield,fast,0.00565571639034457,1994
2.5078793014935846e-05,0.005438962017026205,0.03019669342244761,0.053492948443924666,[Maize].Phenology.Maturing.Target.FixedValue,Yield,fast,0.005413883224011269,1994
0.39318279220843216,0.8111784517898865,0.03661507795559675,0.05516895476475038,[Maize].Leaf.Photosynthesis.RUE.FixedValue,Yield,fast,0.4179956595814543,1994
0.023918202467196455,0.06698169723733238,0.03040930375832368,0.0566498075485123,[Maize].Grain.MaximumPotentialGrainSize.FixedValue,Yield,fast,0.04306349477013593,1994
0.0013441311889161624,0.010562066313596796,0.03746111262571065,0.06084133476265418,[Maize].Grain.MaximumNConc.InitialPhase.InitialNconc.FixedValue,Yield,fast,0.009217935124680634,1994
9.375255360089052e-05,0.004155045853669215,0.03500811028539269,0.06740905906920701,[Maize].Phenology.MaturityToHarvestRipe.Target.FixedValue,Yield,fast,0.004061293300068324,1994
0.24107244123898416,0.6047505232967721,0.03896372887495895,0.0598975235944802,[Maize].Phenology.Juvenile.Target.FixedValue,AGB,fast,0.36367808205778795,1994
0.0056566676749757626,0.009984862161953711,0.034415258460502626,0.06362949162058033,[Maize].Phenology.FlagLeafToFlowering.Target.FixedValue,AGB,fast,0.004328194486977949,1994
9.989366548672936e-05,0.004830876004798368,0.03237871087519501,0.06498406143113634,[Maize].Phenology.FloweringToGrainFilling.Target.FixedValue,AGB,fast,0.004730982339311639,1994
0.005094719184643227,0.019640309556079205,0.03874849742916917,0.06298398462516441,[Maize].Phenology.GrainFilling.Target.FixedValue,AGB,fast,0.014545590371435978,1994
0.0003429906790541029,0.003194006496869406,0.033847787669607,0.06257070236423107,[Maize].Cob.DMDemands.Structural.DMDemandFunction.MaximumOrganWt.FixedValue,AGB,fast,0.002851015817815303,1994
0.0003986637367224442,0.03713305553376156,0.02907686684788542,0.05958250814599808,[Maize].Grain.MaximumGrainsPerCob.FixedValue,AGB,fast,0.03673439179703911,1994
2.407748310399908e-05,0.0026086088473279423,0.03757170518430136,0.05946073725063223,[Maize].Root.SpecificRootLength.FixedValue,AGB,fast,0.0025845313642239433,1994
3.3887014754473107e-06,0.0023858792951111374,0.03469991008777548,0.04997886270194598,[Maize].Phenology.Maturing.Target.FixedValue,AGB,fast,0.00238249059363569,1994
0.38717516121233114,0.7576174612928247,0.04028235019893201,0.06705525049270075,[Maize].Leaf.Photosynthesis.RUE.FixedValue,AGB,fast,0.37044230008049356,1994
0.004629596545300598,0.06301461520619023,0.03398500471996515,0.06628297969177153,[Maize].Grain.MaximumPotentialGrainSize.FixedValue,AGB,fast,0.05838501866088963,1994
0.000765494401485543,0.004924782740619804,0.034537328382171065,0.07142881882950355,[Maize].Grain.MaximumNConc.InitialPhase.InitialNconc.FixedValue,AGB,fast,0.004159288339134261,1994
4.4783433748839093e-05,0.002491672289436142,0.0321388580910456,0.06113144258957458,[Maize].Phenology.MaturityToHarvestRipe.Target.FixedValue,AGB,fast,0.002446888855687303,1994
0.17303798709157886,0.4719025656071937,0.04408225893306219,0.0634181043847178,[Maize].Phenology.Juvenile.Target.FixedValue,TopN2O,fast,0.2988645785156148,1994
0.0001646898258948553,0.003150997187006621,0.03353106697989194,0.06825386954595775,[Maize].Phenology.FlagLeafToFlowering.Target.FixedValue,TopN2O,fast,0.002986307361111766,1994
0.00027391276604274515,0.005846869708876601,0.03479684259914072,0.0549050251300535,[Maize].Phenology.FloweringToGrainFilling.Target.FixedValue,TopN2O,fast,0.005572956942833856,1994
0.004957864699062912,0.08405342087834133,0.029303108381583346,0.055060049284620625,[Maize].Phenology.GrainFilling.Target.FixedValue,TopN2O,fast,0.07909555617927842,1994
7.632846555158748e-05,0.011700677236240464,0.0319536759023739,0.06536484347784843,[Maize].Cob.DMDemands.Structural.DMDemandFunction.MaximumOrganWt.FixedValue,TopN2O,fast,0.011624348770688877,1994
0.027087656463115402,0.04955681946597568,0.03562772272709183,0.0564686864519551,[Maize].Grain.MaximumGrainsPerCob.FixedValue,TopN2O,fast,0.022469163002860275,1994
9.285188511789061e-06,0.0015538407641418894,0.036842316608063336,0.06358450654957255,[Maize].Root.SpecificRootLength.FixedValue,TopN2O,fast,0.0015445555756301004,1994
5.050672639796576e-05,0.0015599604191764982,0.0323156181096351,0.06048516780930977,[Maize].Phenology.Maturing.Target.FixedValue,TopN2O,fast,0.0015094536927785325,1994
0.31028047144417775,0.6491117886579173,0.0346859059084199,0.057664675496847395,[Maize].Leaf.Photosynthesis.RUE.FixedValue,TopN2O,fast,0.33883131721373955,1994
0.13675084133232193,0.22283326630167266,0.03760492527314128,0.06333057313552817,[Maize].Grain.MaximumPotentialGrainSize.FixedValue,TopN2O,fast,0.08608242496935073,1994
0.000130057505702362,0.022307209532093752,0.030307575003016295,0.05371985085939775,[Maize].Grain.MaximumNConc.InitialPhase.InitialNconc.FixedValue,TopN2O,fast,0.02217715202639139,1994
0.00026672297397633985,0.014834914926356468,0.03565728749488936,0.05659534185517906,[Maize].Phenology.MaturityToHarvestRipe.Target.FixedValue,TopN2O,fast,0.014568191952380129,1994
0.5456425019729758,0.6345161549982969,0.034754433591324255,0.058298473952526034,[Maize].Phenology.Juvenile.Target.FixedValue,soc0_10cm,fast,0.08887365302532113,1994
0.01958905050077102,0.03152079125131446,0.03266454014078263,0.057779696545251724,[Maize].Phenology.FlagLeafToFlowering.Target.FixedValue,soc0_10cm,fast,0.011931740750543443,1994
0.0055490150159417575,0.014641400448289765,0.03133131907777612,0.06413125396000242,[Maize].Phenology.FloweringToGrainFilling.Target.FixedValue,soc0_10cm,fast,0.009092385432348008,1994
0.01759340078542121,0.06974851821689665,0.03757250583401854,0.059627038047855664,[Maize].Phenology.GrainFilling.Target.FixedValue,soc0_10cm,fast,0.05215511743147544,1994
0.0015198796112193083,0.004986606043869024,0.030903661232754287,0.07062138521177998,[Maize].Cob.DMDemands.Structural.DMDemandFunction.MaximumOrganWt.FixedValue,soc0_10cm,fast,0.003466726432649716,1994
0.08863409529683966,0.1224709615596632,0.03504972323995349,0.07247438401084766,[Maize].Grain.MaximumGrainsPerCob.FixedValue,soc0_10cm,fast,0.033836866262823534,1994
2.3571115062057096e-05,0.000845345651816265,0.035347605988563194,0.053478746582678954,[Maize].Root.SpecificRootLength.FixedValue,soc0_10cm,fast,0.0008217745367542079,1994
3.594716001564591e-05,0.0008764561167884377,0.036767831397087856,0.06461182533722373,[Maize].Phenology.Maturing.Target.FixedValue,soc0_10cm,fast,0.0008405089567727918,1994
0.08014822620850501,0.12478576650313111,0.03465233955337891,0.06610705802424484,[Maize].Leaf.Photosynthesis.RUE.FixedValue,soc0_10cm,fast,0.044637540294626105,1994
0.09824376391592178,0.12360690233015281,0.03562940601565562,0.06812446926481303,[Maize].Grain.MaximumPotentialGrainSize.FixedValue,soc0_10cm,fast,0.025363138414231032,1994
1.8046775292269877e-05,0.0023702376877519082,0.029237288490603516,0.056778996460948056,[Maize].Grain.MaximumNConc.InitialPhase.InitialNconc.FixedValue,soc0_10cm,fast,0.0023521909124596383,1994
5.8440406732455946e-05,0.0022090389636733043,0.028232598470440864,0.06424201335054446,[Maize].Phenology.MaturityToHarvestRipe.Target.FixedValue,soc0_10cm,fast,0.0021505985569408486,1994
0.15903620441870717,0.6877249508102008,0.035715186125345744,0.06533107920829016,[Maize].Phenology.Juvenile.Target.FixedValue,Top_respiration,fast,0.5286887463914937,1994
0.01692031906015534,0.022429447100418387,0.030696869920085423,0.06173569475402065,[Maize].Phenology.FlagLeafToFlowering.Target.FixedValue,Top_respiration,fast,0.005509128040263048,1994
0.005258545879655753,0.014662798628115592,0.03515106845497859,0.05779016422482207,[Maize].Phenology.FloweringToGrainFilling.Target.FixedValue,Top_respiration,fast,0.00940425274845984,1994
0.03911725786246336,0.06725875963285499,0.03493594335218254,0.07012912500881492,[Maize].Phenology.GrainFilling.Target.FixedValue,Top_respiration,fast,0.028141501770391632,1994
0.00203771583987203,0.004266687252815093,0.02722617454455359,0.061806610111002136,[Maize].Cob.DMDemands.Structural.DMDemandFunction.MaximumOrganWt.FixedValue,Top_respiration,fast,0.0022289714129430636,1994
0.06222028973270548,0.09635876404181942,0.03067379918403966,0.055659899681923794,[Maize].Grain.MaximumGrainsPerCob.FixedValue,Top_respiration,fast,0.034138474309113945,1994
4.543201294013727e-06,0.0016928673792970805,0.034107707995896214,0.05055276611914872,[Maize].Root.SpecificRootLength.FixedValue,Top_respiration,fast,0.0016883241780030669,1994
0.00010936886159142521,0.0019767514656844343,0.03182305990236286,0.06341540775485836,[Maize].Phenology.Maturing.Target.FixedValue,Top_respiration,fast,0.001867382604093009,1994
0.3438869324303315,0.7122084414827996,0.03480513804161944,0.06493238753969854,[Maize].Leaf.Photosynthesis.RUE.FixedValue,Top_respiration,fast,0.3683215090524681,1994
0.0650316918869865,0.08641503869763434,0.030332927390164823,0.054575919789373914,[Maize].Grain.MaximumPotentialGrainSize.FixedValue,Top_respiration,fast,0.021383346810647838,1994
5.688855679140202e-05,0.005515048071427886,0.029428948436954976,0.061013478496146085,[Maize].Grain.MaximumNConc.InitialPhase.InitialNconc.FixedValue,Top_respiration,fast,0.005458159514636484,1994
0.0009211929015890368,0.01016816760286443,0.029106902373087957,0.06708345293871627,[Maize].Phenology.MaturityToHarvestRipe.Target.FixedValue,Top_respiration,fast,0.009246974701275393,1994
0.4143045266299042,0.7927109674616633,0.03974875349463677,0.06385490460150377,[Maize].Phenology.Juvenile.Target.FixedValue,Yield,fast,0.37840644083175906,1995
0.006539609545120183,0.021099178972401655,0.040137462971667245,0.06354213039369434,[Maize].Phenology.FlagLeafToFlowering.Target.FixedValue,Yield,fast,0.014559569427281472,1995
0.022900844044138457,0.04074167669552553,0.03981817210427674,0.06302357263168916,[Maize].Phenology.FloweringToGrainFilling.Target.FixedValue,Yield,fast,0.017840832651387074,1995
0.019951620989159865,0.05090461855976691,0.030911617639736568,0.050498468298758176,[Maize].Phenology.GrainFilling.Target.FixedValue,Yield,fast,0.030952997570607047,1995
0.0005611112412873316,0.008450170072476615,0.0328441221173015,0.060487074764284575,[Maize].Cob.DMDemands.Structural.DMDemandFunction.MaximumOrganWt.FixedValue,Yield,fast,0.007889058831189283,1995
0.049106392776825825,0.1064987175410097,0.03496799201223325,0.05581379866386711,[Maize].Grain.MaximumGrainsPerCob.FixedValue,Yield,fast,0.05739232476418388,1995
4.0316244178012253e-05,0.006315803375761098,0.03236315998343294,0.05319675400702997,[Maize].Root.SpecificRootLength.FixedValue,Yield,fast,0.006275487131583085,1995
6.789946916188891e-05,0.006991971853570811,0.034440944678561417,0.057162677818754955,[Maize].Phenology.Maturing.Target.FixedValue,Yield,fast,0.006924072384408922,1995
0.10761847570405535,0.3577644174825696,0.034939492369389716,0.06413898743817478,[Maize].Leaf.Photosynthesis.RUE.FixedValue,Yield,fast,0.25014594177851424,1995
0.044574602819001,0.11081989140747472,0.031447530935919524,0.06401806115783767,[Maize].Grain.MaximumPotentialGrainSize.FixedValue,Yield,fast,0.06624528858847373,1995
0.0019325007714678366,0.013146048903441843,0.037077138370534474,0.059868107842551366,[Maize].Grain.MaximumNConc.InitialPhase.InitialNconc.FixedValue,Yield,fast,0.011213548131974007,1995
0.00017227865729324668,0.0057826122980927375,0.035839543838161306,0.06589041215033636,[Maize].Phenology.MaturityToHarvestRipe.Target.FixedValue,Yield,fast,0.005610333640799491,1995
0.3864376111772585,0.7320266519308702,0.029865743160868506,0.06288663859398703,[Maize].Phenology.Juvenile.Target.FixedValue,AGB,fast,0.34558904075361174,1995
0.012867460780359927,0.03207603260721992,0.034370850781940826,0.05531480138080942,[Maize].Phenology.FlagLeafToFlowering.Target.FixedValue,AGB,fast,0.01920857182685999,1995
0.0007320998517106981,0.01517669993331594,0.02929231283868057,0.05211739130169194,[Maize].Phenology.FloweringToGrainFilling.Target.FixedValue,AGB,fast,0.014444600081605242,1995
0.01978501895462457,0.051351196793177345,0.03384478452935334,0.06674649081218118,[Maize].Phenology.GrainFilling.Target.FixedValue,AGB,fast,0.03156617783855278,1995
0.003007320183904404,0.014429689611193841,0.03513601875036981,0.05646775807733972,[Maize].Cob.DMDemands.Structural.DMDemandFunction.MaximumOrganWt.FixedValue,AGB,fast,0.011422369427289438,1995
0.013487303615617802,0.04879251742946045,0.03195778370255193,0.0601128285713815,[Maize].Grain.MaximumGrainsPerCob.FixedValue,AGB,fast,0.03530521381384265,1995
3.413379105535811e-05,0.0038055393653781966,0.03600548819605125,0.06172130686214968,[Maize].Root.SpecificRootLength.FixedValue,AGB,fast,0.0037714055743228387,1995
4.62336490241255e-05,0.00379276009694296,0.031013313060613376,0.06567054482322188,[Maize].Phenology.Maturing.Target.FixedValue,AGB,fast,0.0037465264479188344,1995
0.07733406441618522,0.443955179516331,0.03740313881827453,0.06583422516228414,[Maize].Leaf.Photosynthesis.RUE.FixedValue,AGB,fast,0.3666211151001458,1995
0.019250229984463567,0.1526704483427731,0.034037882538256334,0.06612917656958206,[Maize].Grain.MaximumPotentialGrainSize.FixedValue,AGB,fast,0.13342021835830953,1995
0.0011008180100214038,0.008064461642777632,0.026781573264231737,0.06371299292607341,[Maize].Grain.MaximumNConc.InitialPhase.InitialNconc.FixedValue,AGB,fast,0.006963643632756228,1995
0.00011650603054061683,0.004474046368085682,0.0345498540203182,0.05549516519621044,[Maize].Phenology.MaturityToHarvestRipe.Target.FixedValue,AGB,fast,0.004357540337545066,1995
0.42996762969403196,0.7671554575751869,0.03776380755430413,0.062176138106156714,[Maize].Phenology.Juvenile.Target.FixedValue,TopN2O,fast,0.3371878278811549,1995
5.999287488694452e-06,0.0008650783351915603,0.038362774807234955,0.05309640063205886,[Maize].Phenology.FlagLeafToFlowering.Target.FixedValue,TopN2O,fast,0.0008590790477028659,1995
7.440499896111503e-05,0.0013511078886373484,0.03660759738926321,0.06467218625290401,[Maize].Phenology.FloweringToGrainFilling.Target.FixedValue,TopN2O,fast,0.0012767028896762335,1995
0.00010930261057076191,0.0038904265546578776,0.03275120402372177,0.06495082559589573,[Maize].Phenology.GrainFilling.Target.FixedValue,TopN2O,fast,0.0037811239440871157,1995
0.00032140407727558726,0.0016181438004861937,0.03994095590158908,0.06020896112867054,[Maize].Cob.DMDemands.Structural.DMDemandFunction.MaximumOrganWt.FixedValue,TopN2O,fast,0.0012967397232106063,1995
0.00022789631667764418,0.007288156413314373,0.03694980195505917,0.05623477674264971,[Maize].Grain.MaximumGrainsPerCob.FixedValue,TopN2O,fast,0.007060260096636729,1995
6.775673167536113e-06,0.0007841516617328459,0.03333723756610948,0.0645124830158435,[Maize].Root.SpecificRootLength.FixedValue,TopN2O,fast,0.0007773759885653098,1995
6.664952670367193e-06,0.0009059558258454059,0.032772285117029155,0.06246225574427414,[Maize].Phenology.Maturing.Target.FixedValue,TopN2O,fast,0.0008992908731750387,1995
0.2791479566527222,0.6003644058785604,0.03438611245817051,0.057166577774985454,[Maize].Leaf.Photosynthesis.RUE.FixedValue,TopN2O,fast,0.32121644922583825,1995
0.0002828954618268706,0.00945112769701062,0.036673371611385626,0.06323615205837008,[Maize].Grain.MaximumPotentialGrainSize.FixedValue,TopN2O,fast,0.00916823223518375,1995
2.195809967677409e-05,0.0015319281302026422,0.030139548718600934,0.06432869653617641,[Maize].Grain.MaximumNConc.InitialPhase.InitialNconc.FixedValue,TopN2O,fast,0.001509970030525868,1995
3.869387007062299e-05,0.0015177482193406977,0.03174171188011889,0.0617090360645335,[Maize].Phenology.MaturityToHarvestRipe.Target.FixedValue,TopN2O,fast,0.0014790543492700747,1995
0.5578912156398401,0.7126337240245797,0.028220138937717295,0.06062951053598106,[Maize].Phenology.Juvenile.Target.FixedValue,soc0_10cm,fast,0.15474250838473957,1995
0.03167167075228161,0.04914753828131091,0.03384584698675918,0.0635631998091963,[Maize].Phenology.FlagLeafToFlowering.Target.FixedValue,soc0_10cm,fast,0.0174758675290293,1995
0.006737668987262862,0.016888742959087488,0.032012999548673655,0.061107304809595635,[Maize].Phenology.FloweringToGrainFilling.Target.FixedValue,soc0_10cm,fast,0.010151073971824626,1995
0.027589912777414127,0.08335355722680649,0.03155374207896915,0.0641260358022307,[Maize].Phenology.GrainFilling.Target.FixedValue,soc0_10cm,fast,0.05576364444939236,1995
0.00261263425463998,0.006882310743597908,0.03088482251136268,0.059070888702961774,[Maize].Cob.DMDemands.Structural.DMDemandFunction.MaximumOrganWt.FixedValue,soc0_10cm,fast,0.004269676488957928,1995
0.13199217446005118,0.17886024672437306,0.034300411636988076,0.05887734698912374,[Maize].Grain.MaximumGrainsPerCob.FixedValue,soc0_10cm,fast,0.04686807226432188,1995
2.008794818963969e-05,0.0008719272347045282,0.03498887676867173,0.055879746026420644,[Maize].Root.SpecificRootLength.FixedValue,soc0_10cm,fast,0.0008518392865148885,1995
1.8738881342871127e-05,0.001076843920735926,0.03392951860388904,0.05863699471540135,[Maize].Phenology.Maturing.Target.FixedValue,soc0_10cm,fast,0.0010581050393930547,1995
0.010661182772518943,0.0802270426540207,0.034457997409586105,0.06593177880852935,[Maize].Leaf.Photosynthesis.RUE.FixedValue,soc0_10cm,fast,0.06956585988150175,1995
0.09534147439158838,0.12062777106669265,0.03534092244684163,0.056856434187814234,[Maize].Grain.MaximumPotentialGrainSize.FixedValue,soc0_10cm,fast,0.025286296675104264,1995
6.128356207922247e-05,0.0021074363646991223,0.038587852305427925,0.06965607001530172,[Maize].Grain.MaximumNConc.InitialPhase.InitialNconc.FixedValue,soc0_10cm,fast,0.0020461528026198997,1995
5.824390376007064e-05,0.0015098558874936385,0.03331563654393594,0.06428889081299727,[Maize].Phenology.MaturityToHarvestRipe.Target.FixedValue,soc0_10cm,fast,0.001451611983733568,1995
0.43573887677287015,0.880964484416372,0.03248476424585581,0.04896327026322004,[Maize].Phenology.Juvenile.Target.FixedValue,Top_respiration,fast,0.44522560764350183,1995
0.009260201572011573,0.014125195860416717,0.026930372116698048,0.06639820402073103,[Maize].Phenology.FlagLeafToFlowering.Target.FixedValue,Top_respiration,fast,0.0048649942884051445,1995
0.0009238825091276507,0.005162567110632343,0.030801926017945118,0.06129132223025516,[Maize].Phenology.FloweringToGrainFilling.Target.FixedValue,Top_respiration,fast,0.004238684601504693,1995
0.006539180579113909,0.01662714362801776,0.02968246446790049,0.06045785905188745,[Maize].Phenology.GrainFilling.Target.FixedValue,Top_respiration,fast,0.010087963048903852,1995
0.0019321738828848628,0.00469343373243003,0.033145741961869854,0.06189722180912091,[Maize].Cob.DMDemands.Structural.DMDemandFunction.MaximumOrganWt.FixedValue,Top_respiration,fast,0.002761259849545167,1995
0.020061609923301953,0.040174631771908165,0.036101112441986334,0.062108629975989066,[Maize].Grain.MaximumGrainsPerCob.FixedValue,Top_respiration,fast,0.02011302184860621,1995
1.1708397711875523e-05,0.001303733398543283,0.03019189023255991,0.06693361393492728,[Maize].Root.SpecificRootLength.FixedValue,Top_respiration,fast,0.0012920250008314075,1995
1.9379354887820457e-05,0.0012273412298181574,0.033028518407527165,0.06242623553803851,[Maize].Phenology.Maturing.Target.FixedValue,Top_respiration,fast,0.001207961874930337,1995
0.17988558520408773,0.5420863482677736,0.030763408440334927,0.06242903551522946,[Maize].Leaf.Photosynthesis.RUE.FixedValue,Top_respiration,fast,0.36220076306368587,1995
0.045585064880036094,0.07205707857237964,0.03245981851757118,0.05794118309861646,[Maize].Grain.MaximumPotentialGrainSize.FixedValue,Top_respiration,fast,0.026472013692343546,1995
3.0885343252844984e-05,0.004076571291243836,0.033338759372392765,0.06475079410330517,[Maize].Grain.MaximumNConc.InitialPhase.InitialNconc.FixedValue,Top_respiration,fast,0.004045685947990991,1995
8.255108255498665e-05,0.0035362425886408255,0.04121570558068765,0.06221654519563398,[Maize].Phenology.MaturityToHarvestRipe.Target.FixedValue,Top_respiration,fast,0.003453691506085839,1995
0.47883119502297244,0.8071087272138996,0.030833996992296716,0.0655402697206484,[Maize].Phenology.Juvenile.Target.FixedValue,Yield,fast,0.32827753219092715,1996
0.016785517748811884,0.029608858850824094,0.03666873049293329,0.06344668871266293,[Maize].Phenology.FlagLeafToFlowering.Target.FixedValue,Yield,fast,0.01282334110201221,1996
0.030158472252456315,0.05613555363917477,0.03891175797077942,0.0645021420418656,[Maize].Phenology.FloweringToGrainFilling.Target.FixedValue,Yield,fast,0.02597708138671846,1996
0.006378910883596028,0.043059895620672806,0.03587411958073846,0.05660184113317509,[Maize].Phenology.GrainFilling.Target.FixedValue,Yield,fast,0.036680984737076774,1996
4.401126530854971e-05,0.01097670308033638,0.031839431083683145,0.06219804732568144,[Maize].Cob.DMDemands.Structural.DMDemandFunction.MaximumOrganWt.FixedValue,Yield,fast,0.010932691815027831,1996
0.05866654922373654,0.15995290574609144,0.035162236656575724,0.06312677295111194,[Maize].Grain.MaximumGrainsPerCob.FixedValue,Yield,fast,0.1012863565223549,1996
9.595928908074385e-05,0.006142338254057522,0.02845083168663054,0.05214767780397237,[Maize].Root.SpecificRootLength.FixedValue,Yield,fast,0.006046378964976778,1996
0.00012769748066403052,0.006803313517583343,0.038948030811856355,0.05625677726918808,[Maize].Phenology.Maturing.Target.FixedValue,Yield,fast,0.006675616036919312,1996
0.11699196962004181,0.3277987227883993,0.029973294325084086,0.06678904890944831,[Maize].Leaf.Photosynthesis.RUE.FixedValue,Yield,fast,0.21080675316835745,1996
0.029217791253850565,0.0764492173926381,0.029071337794203955,0.06285303812183804,[Maize].Grain.MaximumPotentialGrainSize.FixedValue,Yield,fast,0.04723142613878754,1996
0.0017502360205837895,0.013457345720769287,0.03907190959401911,0.054228776713539394,[Maize].Grain.MaximumNConc.InitialPhase.InitialNconc.FixedValue,Yield,fast,0.011707109700185497,1996
0.00016535083173521025,0.014090639843265862,0.030912817167291995,0.06569569467086063,[Maize].Phenology.MaturityToHarvestRipe.Target.FixedValue,Yield,fast,0.013925289011530652,1996
0.2769552028707969,0.7270981033580983,0.037323047838608646,0.06739479054687579,[Maize].Phenology.Juvenile.Target.FixedValue,AGB,fast,0.45014290048730143,1996
0.008618276927103706,0.025832939649999442,0.03263272266233897,0.04994328475574271,[Maize].Phenology.FlagLeafToFlowering.Target.FixedValue,AGB,fast,0.017214662722895735,1996
0.00018759822777499383,0.01810487539922534,0.026477777949193496,0.07050924737499518,[Maize].Phenology.FloweringToGrainFilling.Target.FixedValue,AGB,fast,0.017917277171450346,1996
0.005057299232155949,0.04734351439793849,0.03445603720968297,0.06207790884799646,[Maize].Phenology.GrainFilling.Target.FixedValue,AGB,fast,0.04228621516578254,1996
0.005213928245327781,0.013884050279356686,0.03246645250808724,0.05793952114431909,[Maize].Cob.DMDemands.Structural.DMDemandFunction.MaximumOrganWt.FixedValue,AGB,fast,0.008670122034028904,1996
0.0014582427205054886,0.06234261003949548,0.03555404511388205,0.06129845744683368,[Maize].Grain.MaximumGrainsPerCob.FixedValue,AGB,fast,0.060884367318989996,1996
3.914997628099212e-05,0.0050754714430854,0.03003954529196005,0.053806717788554025,[Maize].Root.SpecificRootLength.FixedValue,AGB,fast,0.0050363214668044075,1996
6.743379484619692e-05,0.003872745537980782,0.032251832777344044,0.05246692077120772,[Maize].Phenology.Maturing.Target.FixedValue,AGB,fast,0.0038053117431345847,1996
0.15033666405555232,0.5489687888969164,0.03222171416186923,0.06457546526956157,[Maize].Leaf.Photosynthesis.RUE.FixedValue,AGB,fast,0.398632124841364,1996
0.0023208109299914497,0.04591195181588581,0.03388052510955949,0.06701713878857912,[Maize].Grain.MaximumPotentialGrainSize.FixedValue,AGB,fast,0.04359114088589436,1996
0.0018219917927269518,0.009738586211472278,0.03491107200290519,0.05980527264314342,[Maize].Grain.MaximumNConc.InitialPhase.InitialNconc.FixedValue,AGB,fast,0.007916594418745326,1996
0.0001230740918296351,0.01026636622595789,0.03647516246418916,0.06214222773648468,[Maize].Phenology.MaturityToHarvestRipe.Target.FixedValue,AGB,fast,0.010143292134128255,1996
0.3415767305874139,0.7707122361147309,0.03059652348290447,0.04914424556954153,[Maize].Phenology.Juvenile.Target.FixedValue,TopN2O,fast,0.42913550552731705,1996
4.768552866539074e-05,0.0006594065398480842,0.03140144134930669,0.060179244798523865,[Maize].Phenology.FlagLeafToFlowering.Target.FixedValue,TopN2O,fast,0.0006117210111826934,1996
6.906617635707127e-05,0.0005433647025798738,0.03618722923417172,0.05813904035774,[Maize].Phenology.FloweringToGrainFilling.Target.FixedValue,TopN2O,fast,0.00047429852622280253,1996
0.00010110511966178554,0.0007141966020552948,0.035005515189411994,0.0646835844387116,[Maize].Phenology.GrainFilling.Target.FixedValue,TopN2O,fast,0.0006130914823935092,1996
6.046754567456823e-05,0.0010427463693009065,0.03273441820027644,0.07441689723093792,[Maize].Cob.DMDemands.Structural.DMDemandFunction.MaximumOrganWt.FixedValue,TopN2O,fast,0.0009822788236263382,1996
4.658187722999699e-05,0.0010319964220694144,0.030310492090761053,0.05571009505380173,[Maize].Grain.MaximumGrainsPerCob.FixedValue,TopN2O,fast,0.0009854145448394175,1996
7.157630065827912e-06,0.0004780545099809519,0.03229260154805658,0.051601521440910535,[Maize].Root.SpecificRootLength.FixedValue,TopN2O,fast,0.000470896879915124,1996
1.1276865855199192e-05,0.0004020953457269938,0.03360165860792,0.05594043682607973,[Maize].Phenology.Maturing.Target.FixedValue,TopN2O,fast,0.0003908184798717946,1996
0.14531243828438575,0.7293879308697411,0.030629075072953562,0.04875148526929164,[Maize].Leaf.Photosynthesis.RUE.FixedValue,TopN2O,fast,0.5840754925853553,1996
0.00517482521438304,0.036866146052749516,0.033805178301881844,0.06630436016391483,[Maize].Grain.MaximumPotentialGrainSize.FixedValue,TopN2O,fast,0.031691320838366475,1996
1.1787134691217912e-05,0.0011038164829193509,0.03703000803630444,0.05885584021619222,[Maize].Grain.MaximumNConc.InitialPhase.InitialNconc.FixedValue,TopN2O,fast,0.001092029348228133,1996
3.068783695049846e-05,0.0036828054653165188,0.03948558744930076,0.056768067752237576,[Maize].Phenology.MaturityToHarvestRipe.Target.FixedValue,TopN2O,fast,0.00365211762836602,1996
0.534886171843854,0.6882182281024413,0.03331744634313169,0.06488080028486114,[Maize].Phenology.Juvenile.Target.FixedValue,soc0_10cm,fast,0.15333205625858726,1996
0.03905253552858342,0.060712654563278456,0.03485162097020096,0.05825431022967859,[Maize].Phenology.FlagLeafToFlowering.Target.FixedValue,soc0_10cm,fast,0.021660119034695037,1996
0.00820400599270856,0.019719621370419604,0.03273233601337213,0.05918348171971318,[Maize].Phenology.FloweringToGrainFilling.Target.FixedValue,soc0_10cm,fast,0.011515615377711045,1996
0.028459368278168314,0.08733408804683385,0.03155844411089429,0.05683729463196118,[Maize].Phenology.GrainFilling.Target.FixedValue,soc0_10cm,fast,0.05887471976866553,1996
0.004154273107550496,0.00978796632766643,0.03227327609958063,0.06658515088939594,[Maize].Cob.DMDemands.Structural.DMDemandFunction.MaximumOrganWt.FixedValue,soc0_10cm,fast,0.0056336932201159345,1996
0.1592908833690105,0.20251821478529874,0.029140801190303336,0.06412672921292478,[Maize].Grain.MaximumGrainsPerCob.FixedValue,soc0_10cm,fast,0.043227331416288234,1996
3.495904426273297e-05,0.0011409586241470926,0.03618873688392001,0.06231295653158087,[Maize].Root.SpecificRootLength.FixedValue,soc0_10cm,fast,0.0011059995798843596,1996
1.2260200382032684e-05,0.0012485451494420596,0.036519434061625236,0.06569077127024815,[Maize].Phenology.Maturing.Target.FixedValue,soc0_10cm,fast,0.001236284949060027,1996
0.013747985025715035,0.08402947099319857,0.03488834572091793,0.05987023716983383,[Maize].Leaf.Photosynthesis.RUE.FixedValue,soc0_10cm,fast,0.07028148596748354,1996
0.1033941639565541,0.12718331979742037,0.03237197369996674,0.06352640070445072,[Maize].Grain.MaximumPotentialGrainSize.FixedValue,soc0_10cm,fast,0.023789155840866272,1996
9.166519775326707e-05,0.0026676654518213994,0.031268628888853955,0.062196213851546694,[Maize].Grain.MaximumNConc.InitialPhase.InitialNconc.FixedValue,soc0_10cm,fast,0.002576000254068132,1996
6.140252716086682e-05,0.0024190721552571626,0.03166999190401369,0.06515894099566355,[Maize].Phenology.MaturityToHarvestRipe.Target.FixedValue,soc0_10cm,fast,0.0023576696280962956,1996
0.5654028677618712,0.7743108892859106,0.03402294519420548,0.06471416257373425,[Maize].Phenology.Juvenile.Target.FixedValue,Top_respiration,fast,0.20890802152403942,1996
0.021019056360757404,0.026872476792558553,0.03730446639023061,0.060231359394478164,[Maize].Phenology.FlagLeafToFlowering.Target.FixedValue,Top_respiration,fast,0.0058534204318011485,1996
0.003915344568922711,0.012449838693182502,0.03375116188563366,0.06578647342831721,[Maize].Phenology.FloweringToGrainFilling.Target.FixedValue,Top_respiration,fast,0.00853449412425979,1996
0.006536155346811494,0.036545443468968375,0.036994330393332574,0.06056067121973096,[Maize].Phenology.GrainFilling.Target.FixedValue,Top_respiration,fast,0.03000928812215688,1996
0.0047153642004804505,0.008214553074387454,0.036594046631658564,0.058461917818626426,[Maize].Cob.DMDemands.Structural.DMDemandFunction.MaximumOrganWt.FixedValue,Top_respiration,fast,0.0034991888739070035,1996
0.04461310611684309,0.0639403230700688,0.030791042785275623,0.06803242253436281,[Maize].Grain.MaximumGrainsPerCob.FixedValue,Top_respiration,fast,0.019327216953225715,1996
3.11397077832558e-05,0.0013294411296400632,0.0272584222159662,0.05266377892723146,[Maize].Root.SpecificRootLength.FixedValue,Top_respiration,fast,0.0012983014218568075,1996
1.6817982708697225e-05,0.0012390946230351751,0.02980165641270924,0.05719575581720148,[Maize].Phenology.Maturing.Target.FixedValue,Top_respiration,fast,0.0012222766403264778,1996
0.08315882062841352,0.24904725144310225,0.03647784772076106,0.060732588126404884,[Maize].Leaf.Photosynthesis.RUE.FixedValue,Top_respiration,fast,0.16588843081468874,1996
0.07379180927560477,0.1060866439802719,0.03678264180897246,0.06479003957362804,[Maize].Grain.MaximumPotentialGrainSize.FixedValue,Top_respiration,fast,0.032294834704667125,1996
0.00034999511916398643,0.007986299608583991,0.03603929990041076,0.06295121660325657,[Maize].Grain.MaximumNConc.InitialPhase.InitialNconc.FixedValue,Top_respiration,fast,0.0076363044894200045,1996
0.0001259845183462575,0.01111234848121001,0.034940611328731136,0.06441080116236893,[Maize].Phenology.MaturityToHarvestRipe.Target.FixedValue,Top_respiration,fast,0.010986363962863753,1996
0.12977718460147733,0.5143660377113506,0.032905522403519814,0.06131275193563047,[Maize].Phenology.Juvenile.Target.FixedValue,Yield,fast,0.38458885310987323,1997
0.010521213005337163,0.019353074852358376,0.03252063714651683,0.05947922085616437,[Maize].Phenology.FlagLeafToFlowering.Target.FixedValue,Yield,fast,0.008831861847021213,1997
0.009814535292852485,0.02719893880762747,0.03152413024890615,0.05364690245040301,[Maize].Phenology.FloweringToGrainFilling.Target.FixedValue,Yield,fast,0.017384403514774986,1997
0.033063314757292454,0.08070855573867608,0.037812717833616616,0.05899210108384884,[Maize].Phenology.GrainFilling.Target.FixedValue,Yield,fast,0.047645240981383626,1997
0.00020402478105572143,0.0034003557759210157,0.03345620995158985,0.062477122626849874,[Maize].Cob.DMDemands.Structural.DMDemandFunction.MaximumOrganWt.FixedValue,Yield,fast,0.003196330994865294,1997
0.0903463484133159,0.1426954372943191,0.03182876466148335,0.06910992251142759,[Maize].Grain.MaximumGrainsPerCob.FixedValue,Yield,fast,0.0523490888810032,1997
3.296470522493964e-05,0.0021827046211013723,0.030384856891772116,0.07280241130081411,[Maize].Root.SpecificRootLength.FixedValue,Yield,fast,0.0021497399158764328,1997
4.9196278160265025e-05,0.0024113702512260637,0.03133255369521824,0.06584742165365648,[Maize].Phenology.Maturing.Target.FixedValue,Yield,fast,0.002362173973065799,1997
0.2695786582744246,0.48946350246735837,0.03559092362118057,0.07094449225802617,[Maize].Leaf.Photosynthesis.RUE.FixedValue,Yield,fast,0.21988484419293375,1997
0.08372769645096668,0.14240435879240199,0.032699057945233104,0.060090319593353154,[Maize].Grain.MaximumPotentialGrainSize.FixedValue,Yield,fast,0.0586766623414353,1997
0.0011070733966228395,0.006938011155972923,0.034150085975686535,0.059851446677843145,[Maize].Grain.MaximumNConc.InitialPhase.InitialNconc.FixedValue,Yield,fast,0.005830937759350083,1997
7.968031228469436e-05,0.004565905998997644,0.0338437984531506,0.06030789973137314,[Maize].Phenology.MaturityToHarvestRipe.Target.FixedValue,Yield,fast,0.0044862256867129495,1997
0.1959323417448952,0.6177759794167403,0.030955191817907256,0.059031545194602464,[Maize].Phenology.Juvenile.Target.FixedValue,AGB,fast,0.42184363767184513,1997
0.00020699398518574287,0.004961531592385771,0.03363026712882907,0.05808819695364337,[Maize].Phenology.FlagLeafToFlowering.Target.FixedValue,AGB,fast,0.004754537607200028,1997
0.0001062680386547638,0.010826915799415082,0.03397878681152865,0.05921233503330147,[Maize].Phenology.FloweringToGrainFilling.Target.FixedValue,AGB,fast,0.01072064776076032,1997
0.005341923986783936,0.025553363713239796,0.03265435103034471,0.05255271747873549,[Maize].Phenology.GrainFilling.Target.FixedValue,AGB,fast,0.02021143972645586,1997
0.0016446843458253035,0.005315391894937682,0.03694385766849875,0.065519821549292,[Maize].Cob.DMDemands.Structural.DMDemandFunction.MaximumOrganWt.FixedValue,AGB,fast,0.0036707075491123784,1997
0.00426389508268903,0.024855281184674283,0.0350876508014252,0.055909096101350926,[Maize].Grain.MaximumGrainsPerCob.FixedValue,AGB,fast,0.020591386101985253,1997
2.2719899431211595e-05,0.0017009445601003925,0.03304281120642164,0.061304642140225137,[Maize].Root.SpecificRootLength.FixedValue,AGB,fast,0.001678224660669181,1997
9.261632344226266e-05,0.001820525587722388,0.03630491649027427,0.05363702121892392,[Maize].Phenology.Maturing.Target.FixedValue,AGB,fast,0.0017279092642801255,1997
0.3121176894776415,0.6761503525935386,0.038054756697526226,0.06448469314229568,[Maize].Leaf.Photosynthesis.RUE.FixedValue,AGB,fast,0.3640326631158971,1997
0.001251613043539912,0.05835555147488847,0.030923771956604267,0.05539761846292718,[Maize].Grain.MaximumPotentialGrainSize.FixedValue,AGB,fast,0.057103938431348554,1997
0.0008108700400314062,0.004992788456463559,0.034339339404510866,0.05658329734874423,[Maize].Grain.MaximumNConc.InitialPhase.InitialNconc.FixedValue,AGB,fast,0.004181918416432153,1997
0.00017219466661370572,0.005645995149074823,0.03377472735593562,0.06130999515445343,[Maize].Phenology.MaturityToHarvestRipe.Target.FixedValue,AGB,fast,0.005473800482461117,1997
0.2836790753126571,0.7840980116377212,0.03442439013503278,0.05055743308277547,[Maize].Phenology.Juvenile.Target.FixedValue,TopN2O,fast,0.5004189363250641,1997
3.167320266163489e-05,0.0017540814449200637,0.03570400846367757,0.06012975198640823,[Maize].Phenology.FlagLeafToFlowering.Target.FixedValue,TopN2O,fast,0.0017224082422584287,1997
1.332315064507062e-05,0.0003217475729981878,0.02974582513929708,0.06234264329073695,[Maize].Phenology.FloweringToGrainFilling.Target.FixedValue,TopN2O,fast,0.0003084244223531172,1997
0.0029266771303925734,0.03062489633059451,0.03813279426223687,0.0626914856441487,[Maize].Phenology.GrainFilling.Target.FixedValue,TopN2O,fast,0.027698219200201935,1997
0.00011887966966631571,0.0031409340776465955,0.03169492696545477,0.057250113297385205,[Maize].Cob.DMDemands.Structural.DMDemandFunction.MaximumOrganWt.FixedValue,TopN2O,fast,0.00302205440798028,1997
2.8617212052536287e-05,0.004753240865516206,0.0337848095143108,0.06348204247049337,[Maize].Grain.MaximumGrainsPerCob.FixedValue,TopN2O,fast,0.00472462365346367,1997
8.836804278278938e-07,0.00015022809634990253,0.035162328702875986,0.06263309729986366,[Maize].Root.SpecificRootLength.FixedValue,TopN2O,fast,0.00014934441592207463,1997
6.062140686216164e-07,0.00018842195804591455,0.03199355440937536,0.05544270830023703,[Maize].Phenology.Maturing.Target.FixedValue,TopN2O,fast,0.00018781574397729294,1997
0.15671969758357776,0.6806187870485425,0.03375965018876669,0.04828821409563806,[Maize].Leaf.Photosynthesis.RUE.FixedValue,TopN2O,fast,0.5238990894649648,1997
0.00045415399856533963,0.02814222579571035,0.035865169619244505,0.06080735724625689,[Maize].Grain.MaximumPotentialGrainSize.FixedValue,TopN2O,fast,0.02768807179714501,1997
4.857747041225653e-05,0.012067141165289286,0.03466225252101085,0.06387343928744438,[Maize].Grain.MaximumNConc.InitialPhase.InitialNconc.FixedValue,TopN2O,fast,0.012018563694877029,1997
0.00015387311092009392,0.01109171800854658,0.03325737061016847,0.06038345032521874,[Maize].Phenology.MaturityToHarvestRipe.Target.FixedValue,TopN2O,fast,0.010937844897626487,1997
0.485657135364246,0.6604895276809097,0.03444321914027911,0.06362776007884519,[Maize].Phenology.Juvenile.Target.FixedValue,soc0_10cm,fast,0.17483239231666375,1997
0.03990769676390244,0.06169496280141484,0.03970406006225413,0.0583456908263981,[Maize].Phenology.FlagLeafToFlowering.Target.FixedValue,soc0_10cm,fast,0.021787266037512402,1997
0.007824423816755315,0.021413716022509188,0.034285868361472294,0.0609351892603419,[Maize].Phenology.FloweringToGrainFilling.Target.FixedValue,soc0_10cm,fast,0.013589292205753873,1997
0.02404882225694653,0.09392228041840556,0.040528894987039245,0.06241760835445998,[Maize].Phenology.GrainFilling.Target.FixedValue,soc0_10cm,fast,0.06987345816145903,1997
0.00483757675800896,0.009494547801587094,0.03367508334394069,0.062113009291347,[Maize].Cob.DMDemands.Structural.DMDemandFunction.MaximumOrganWt.FixedValue,soc0_10cm,fast,0.004656971043578134,1997
0.16449122352163742,0.1996510328776856,0.03630453421226906,0.059419638011370346,[Maize].Grain.MaximumGrainsPerCob.FixedValue,soc0_10cm,fast,0.03515980935604818,1997
3.0139934566207805e-05,0.0012696795523841065,0.0341985241492116,0.05170356298439546,[Maize].Root.SpecificRootLength.FixedValue,soc0_10cm,fast,0.0012395396178178986,1997
3.953509281276887e-05,0.0013974675581763796,0.031095891985449556,0.054608879104504474,[Maize].Phenology.Maturing.Target.FixedValue,soc0_10cm,fast,0.0013579324653636108,1997
0.017056368435791818,0.08408235118368779,0.0354622606124457,0.05563030460545292,[Maize].Leaf.Photosynthesis.RUE.FixedValue,soc0_10cm,fast,0.06702598274789597,1997
0.11400089087698427,0.1363457227912067,0.030573276741621865,0.05769231174350629,[Maize].Grain.MaximumPotentialGrainSize.FixedValue,soc0_10cm,fast,0.022344831914222443,1997
0.00013035598647748276,0.0025053894282816014,0.03755394975633903,0.0650650609208612,[Maize].Grain.MaximumNConc.InitialPhase.InitialNconc.FixedValue,soc0_10cm,fast,0.002375033441804119,1997
0.00011092365832484752,0.002379611757027833,0.03125445732130737,0.06892276500001297,[Maize].Phenology.MaturityToHarvestRipe.Target.FixedValue,soc0_10cm,fast,0.0022686880987029855,1997
0.11429190681724094,0.629764241714977,0.03451475800451572,0.06020288304274534,[Maize].Phenology.Juvenile.Target.FixedValue,Top_respiration,fast,0.5154723348977361,1997
0.04447444882332942,0.05250346622961066,0.036521348279106025,0.06127800639624797,[Maize].Phenology.FlagLeafToFlowering.Target.FixedValue,Top_respiration,fast,0.008029017406281244,1997
0.009956117058877884,0.022161067614795305,0.03726843617966864,0.06579196370935193,[Maize].Phenology.FloweringToGrainFilling.Target.FixedValue,Top_respiration,fast,0.01220495055591742,1997
0.062497655294809495,0.0874832188083019,0.03531304604495651,0.05653275722325851,[Maize].Phenology.GrainFilling.Target.FixedValue,Top_respiration,fast,0.024985563513492404,1997
0.006773143977119186,0.011418592450559761,0.03584814442679421,0.061411139658288184,[Maize].Cob.DMDemands.Structural.DMDemandFunction.MaximumOrganWt.FixedValue,Top_respiration,fast,0.004645448473440576,1997
0.09615909332858806,0.11885105361203285,0.033571050019554884,0.057387538198423856,[Maize].Grain.MaximumGrainsPerCob.FixedValue,Top_respiration,fast,0.022691960283444793,1997
1.4268214951977729e-05,0.002256349846093686,0.036592737332944915,0.06120599526032067,[Maize].Root.SpecificRootLength.FixedValue,Top_respiration,fast,0.0022420816311417083,1997
0.00014547400658987696,0.002337470479296999,0.03168318900338055,0.05788495485863626,[Maize].Phenology.Maturing.Target.FixedValue,Top_respiration,fast,0.002191996472707122,1997
0.07883775744754659,0.41045430593861676,0.028817737240707426,0.06183989271168623,[Maize].Leaf.Photosynthesis.RUE.FixedValue,Top_respiration,fast,0.33161654849107014,1997
0.16152214360332962,0.2021795032075645,0.03226507608299513,0.06640259464896545,[Maize].Grain.MaximumPotentialGrainSize.FixedValue,Top_respiration,fast,0.04065735960423489,1997
0.00010581196833635115,0.00818802433104493,0.03168195252718409,0.05859693355265025,[Maize].Grain.MaximumNConc.InitialPhase.InitialNconc.FixedValue,Top_respiration,fast,0.008082212362708579,1997
0.0011782758312196228,0.012042953648609078,0.034450469925323225,0.06389647947546707,[Maize].Phenology.MaturityToHarvestRipe.Target.FixedValue,Top_respiration,fast,0.010864677817389456,1997
0.06110806479526619,0.5853317523785764,0.03207456511853437,0.06375961650851181,[Maize].Phenology.Juvenile.Target.FixedValue,Yield,fast,0.5242236875833102,1998
0.0069060733431808765,0.012402455707720028,0.0319105166083927,0.062102805723061316,[Maize].Phenology.FlagLeafToFlowering.Target.FixedValue,Yield,fast,0.005496382364539152,1998
0.01854462249618733,0.036589575186854795,0.02947314627164366,0.05789138791301698,[Maize].Phenology.FloweringToGrainFilling.Target.FixedValue,Yield,fast,0.018044952690667464,1998
0.0068765606607245145,0.02453494607041895,0.034853368116984855,0.06093860543915093,[Maize].Phenology.GrainFilling.Target.FixedValue,Yield,fast,0.017658385409694437,1998
7.111952313914235e-05,0.0028857989242083715,0.033444547983261436,0.07342597535415067,[Maize].Cob.DMDemands.Structural.DMDemandFunction.MaximumOrganWt.FixedValue,Yield,fast,0.002814679401069229,1998
0.07034910315737394,0.11835755668329928,0.032955342299328144,0.0628466973363051,[Maize].Grain.MaximumGrainsPerCob.FixedValue,Yield,fast,0.04800845352592534,1998
2.765005168275963e-05,0.0023944128332564762,0.03041158175288228,0.06691841980824316,[Maize].Root.SpecificRootLength.FixedValue,Yield,fast,0.0023667627815737165,1998
4.747349006332143e-06,0.0027107047117426175,0.03028743252226009,0.05889012123172174,[Maize].Phenology.Maturing.Target.FixedValue,Yield,fast,0.002705957362736285,1998
0.24059703140332103,0.5203519090968579,0.03374045459236294,0.06349878988061915,[Maize].Leaf.Photosynthesis.RUE.FixedValue,Yield,fast,0.2797548776935369,1998
0.10748718048761807,0.17356844514288594,0.0390017718376039,0.047335177497822456,[Maize].Grain.MaximumPotentialGrainSize.FixedValue,Yield,fast,0.06608126465526787,1998
0.00836841649741597,0.02234401439658318,0.03963462421896867,0.06064283516095989,[Maize].Grain.MaximumNConc.InitialPhase.InitialNconc.FixedValue,Yield,fast,0.013975597899167209,1998
1.5489838446045113e-05,0.003499844116312323,0.028166383614978772,0.05806456493645335,[Maize].Phenology.MaturityToHarvestRipe.Target.FixedValue,Yield,fast,0.0034843542778662776,1998
0.30288637650762157,0.5174578876386682,0.030279641891057533,0.06510976151224825,[Maize].Phenology.Juvenile.Target.FixedValue,AGB,fast,0.2145715111310466,1998
0.005179726105928374,0.009508952439080454,0.0394224559315124,0.058790063204695604,[Maize].Phenology.FlagLeafToFlowering.Target.FixedValue,AGB,fast,0.00432922633315208,1998
0.0003352576435808722,0.008521020131542212,0.04071046815015348,0.06731091090342241,[Maize].Phenology.FloweringToGrainFilling.Target.FixedValue,AGB,fast,0.008185762487961339,1998
0.0009578668625167471,0.022861875723986902,0.033465260515582136,0.05766914453607857,[Maize].Phenology.GrainFilling.Target.FixedValue,AGB,fast,0.021904008861470155,1998
0.00034708943393740654,0.0029108702693596555,0.037721437476717086,0.05455065513950026,[Maize].Cob.DMDemands.Structural.DMDemandFunction.MaximumOrganWt.FixedValue,AGB,fast,0.002563780835422249,1998
0.002582284820789077,0.03275118827023804,0.034677933015582155,0.06542793214967657,[Maize].Grain.MaximumGrainsPerCob.FixedValue,AGB,fast,0.030168903449448965,1998
7.642058147046821e-06,0.0016266656701874327,0.036922661464374826,0.06274961171635411,[Maize].Root.SpecificRootLength.FixedValue,AGB,fast,0.0016190236120403859,1998
1.2330569028910676e-05,0.0017498871082783918,0.03695174595858221,0.06362364649981989,[Maize].Phenology.Maturing.Target.FixedValue,AGB,fast,0.0017375565392494811,1998
0.43656065517879666,0.6818437858544584,0.033131101848191714,0.06537881726149991,[Maize].Leaf.Photosynthesis.RUE.FixedValue,AGB,fast,0.2452831306756617,1998
0.0037655177433787127,0.08757872452675353,0.03224847226172338,0.06813330393824803,[Maize].Grain.MaximumPotentialGrainSize.FixedValue,AGB,fast,0.08381320678337481,1998
0.0029294529576632754,0.00847240375961289,0.03533521628433555,0.06059279800078786,[Maize].Grain.MaximumNConc.InitialPhase.InitialNconc.FixedValue,AGB,fast,0.005542950801949614,1998
1.8744573308862032e-05,0.0023091543635027634,0.03407335611134817,0.05633272313574053,[Maize].Phenology.MaturityToHarvestRipe.Target.FixedValue,AGB,fast,0.0022904097901939014,1998
0.28292835145921996,0.7266081108315903,0.032501060468002406,0.05691977720733205,[Maize].Phenology.Juvenile.Target.FixedValue,TopN2O,fast,0.4436797593723703,1998
2.4911485145162117e-05,0.00040938112003274796,0.030914001602517165,0.05896998966088356,[Maize].Phenology.FlagLeafToFlowering.Target.FixedValue,TopN2O,fast,0.00038446963488758583,1998
0.0002297710565130387,0.0012303109104051524,0.029696107899584764,0.05313139812712901,[Maize].Phenology.FloweringToGrainFilling.Target.FixedValue,TopN2O,fast,0.0010005398538921136,1998
0.001187793602504122,0.003084911327479345,0.03400019164753893,0.05794120714534249,[Maize].Phenology.GrainFilling.Target.FixedValue,TopN2O,fast,0.001897117724975223,1998
4.619612779980058e-05,0.0008060559076050744,0.029515822788299922,0.05107609232173545,[Maize].Cob.DMDemands.Structural.DMDemandFunction.MaximumOrganWt.FixedValue,TopN2O,fast,0.0007598597798052738,1998
0.0002826573356437168,0.0032336167557355244,0.03504333661058096,0.058475322710310404,[Maize].Grain.MaximumGrainsPerCob.FixedValue,TopN2O,fast,0.0029509594200918077,1998
2.4233895358490707e-06,0.00045214338886467864,0.031463670616299885,0.05892310727215494,[Maize].Root.SpecificRootLength.FixedValue,TopN2O,fast,0.00044971999932882955,1998
6.3651389109797945e-06,0.00048472214036776595,0.030297983333769818,0.05692201891167921,[Maize].Phenology.Maturing.Target.FixedValue,TopN2O,fast,0.00047835700145678614,1998
0.29457365855372,0.7238382673172787,0.03384935786065545,0.04659849885655948,[Maize].Leaf.Photosynthesis.RUE.FixedValue,TopN2O,fast,0.42926460876355876,1998
0.0029668500227431854,0.06310675832215995,0.03258947116808681,0.052335401173349824,[Maize].Grain.MaximumPotentialGrainSize.FixedValue,TopN2O,fast,0.06013990829941677,1998
6.021788186668864e-07,0.002132046579362612,0.03467461883599285,0.06024329031780498,[Maize].Grain.MaximumNConc.InitialPhase.InitialNconc.FixedValue,TopN2O,fast,0.002131444400543945,1998
3.965554209164091e-05,0.0018192840822629508,0.03860756186898875,0.06195984069278418,[Maize].Phenology.MaturityToHarvestRipe.Target.FixedValue,TopN2O,fast,0.00177962854017131,1998
0.444811611638692,0.6017885070648037,0.035660610471941336,0.06894224406801734,[Maize].Phenology.Juvenile.Target.FixedValue,soc0_10cm,fast,0.1569768954261117,1998
0.03671427592395081,0.05265491695673663,0.03320111917709499,0.06317497138961084,[Maize].Phenology.FlagLeafToFlowering.Target.FixedValue,soc0_10cm,fast,0.01594064103278582,1998
0.009379408420177567,0.02284543820193896,0.036000350880476296,0.06265001531422708,[Maize].Phenology.FloweringToGrainFilling.Target.FixedValue,soc0_10cm,fast,0.013466029781761394,1998
0.020698255577680902,0.05934737393017897,0.032838478223780304,0.057411618579451755,[Maize].Phenology.GrainFilling.Target.FixedValue,soc0_10cm,fast,0.03864911835249807,1998
0.004426625347892848,0.00873272846397255,0.03756811355457622,0.06635060508681591,[Maize].Cob.DMDemands.Structural.DMDemandFunction.MaximumOrganWt.FixedValue,soc0_10cm,fast,0.004306103116079702,1998
0.15664315207040852,0.18722763639104323,0.0355735971877531,0.05562776974883883,[Maize].Grain.MaximumGrainsPerCob.FixedValue,soc0_10cm,fast,0.03058448432063471,1998
1.7591479531194997e-05,0.0013670075999506759,0.03300877559805166,0.05805463626848496,[Maize].Root.SpecificRootLength.FixedValue,soc0_10cm,fast,0.0013494161204194808,1998
7.009436551727259e-06,0.0015088168847396943,0.03308018756359059,0.055727018222017866,[Maize].Phenology.Maturing.Target.FixedValue,soc0_10cm,fast,0.0015018074481879672,1998
0.018168014348814928,0.1056575292160854,0.03431120281433729,0.054121332548672886,[Maize].Leaf.Photosynthesis.RUE.FixedValue,soc0_10cm,fast,0.08748951486727047,1998
0.13812985628454366,0.16224556192614692,0.03202098798450266,0.058359192231478875,[Maize].Grain.MaximumPotentialGrainSize.FixedValue,soc0_10cm,fast,0.024115705641603258,1998
0.0001734873895387489,0.0029043180588477213,0.02918829340028251,0.05287116463444045,[Maize].Grain.MaximumNConc.InitialPhase.InitialNconc.FixedValue,soc0_10cm,fast,0.0027308306693089725,1998
2.7370963119530547e-05,0.0017423951935323645,0.03561026017803956,0.05858640914289155,[Maize].Phenology.MaturityToHarvestRipe.Target.FixedValue,soc0_10cm,fast,0.0017150242304128339,1998
0.03561926206083768,0.6627382674370564,0.03332444617216435,0.06204476125259705,[Maize].Phenology.Juvenile.Target.FixedValue,Top_respiration,fast,0.6271190053762188,1998
0.05794118352917838,0.06914020858232806,0.03184286569509535,0.07350910678342934,[Maize].Phenology.FlagLeafToFlowering.Target.FixedValue,Top_respiration,fast,0.011199025053149674,1998
0.014231840218439875,0.031280119134152407,0.03465098199985114,0.05595310231482436,[Maize].Phenology.FloweringToGrainFilling.Target.FixedValue,Top_respiration,fast,0.017048278915712534,1998
0.053070787239236236,0.11253632263144453,0.03673889115833769,0.0701157519603643,[Maize].Phenology.GrainFilling.Target.FixedValue,Top_respiration,fast,0.059465535392208294,1998
0.010310747014499877,0.01887873721210087,0.028858625982477643,0.060460622443195125,[Maize].Cob.DMDemands.Structural.DMDemandFunction.MaximumOrganWt.FixedValue,Top_respiration,fast,0.008567990197600994,1998
0.17362874225490507,0.21549476751244823,0.03700587738967533,0.06746966776173245,[Maize].Grain.MaximumGrainsPerCob.FixedValue,Top_respiration,fast,0.041866025257543155,1998
2.1453089965875555e-05,0.0037452057855973386,0.03349694451310216,0.06573148410256394,[Maize].Root.SpecificRootLength.FixedValue,Top_respiration,fast,0.003723752695631463,1998
0.00016701916886133067,0.005010413455520668,0.031699111181325325,0.06449158045701801,[Maize].Phenology.Maturing.Target.FixedValue,Top_respiration,fast,0.004843394286659338,1998
0.07076208727465602,0.4048205191311868,0.034517604100932575,0.05972706036521785,[Maize].Leaf.Photosynthesis.RUE.FixedValue,Top_respiration,fast,0.3340584318565307,1998
0.20902253114249603,0.2531752837521605,0.036102719058264336,0.06116386362640124,[Maize].Grain.MaximumPotentialGrainSize.FixedValue,Top_respiration,fast,0.04415275260966445,1998
0.00033890307825796255,0.007653819555707542,0.041625957175695616,0.060954333003410424,[Maize].Grain.MaximumNConc.InitialPhase.InitialNconc.FixedValue,Top_respiration,fast,0.007314916477449579,1998
0.0012025019605119305,0.010853287666731104,0.0295864744355121,0.06176884633016628,[Maize].Phenology.MaturityToHarvestRipe.Target.FixedValue,Top_respiration,fast,0.009650785706219174,1998
0.3543976804265943,0.6251636573304602,0.03382992560575474,0.05790822581500229,[Maize].Phenology.Juvenile.Target.FixedValue,Yield,fast,0.2707659769038659,1999
0.009962073746069732,0.015459562482378675,0.03919926115651532,0.06541149351583435,[Maize].Phenology.FlagLeafToFlowering.Target.FixedValue,Yield,fast,0.005497488736308943,1999
0.015827146388029314,0.02678362835138237,0.030761757830106064,0.05777667800543049,[Maize].Phenology.FloweringToGrainFilling.Target.FixedValue,Yield,fast,0.010956481963353058,1999
0.0074282847316849785,0.035532352796309175,0.02905918262234829,0.06182863041109607,[Maize].Phenology.GrainFilling.Target.FixedValue,Yield,fast,0.028104068064624198,1999
1.098441734428153e-05,0.005567596307750722,0.034415020352467386,0.06412268718043253,[Maize].Cob.DMDemands.Structural.DMDemandFunction.MaximumOrganWt.FixedValue,Yield,fast,0.00555661189040644,1999
0.11574961272318493,0.17820809731757348,0.03050408326183387,0.0580812687265342,[Maize].Grain.MaximumGrainsPerCob.FixedValue,Yield,fast,0.06245848459438855,1999
4.148352869853261e-05,0.003381198395938978,0.039915198420233854,0.061183482577682385,[Maize].Root.SpecificRootLength.FixedValue,Yield,fast,0.0033397148672404454,1999
1.6147661944961138e-05,0.003712409315500098,0.03477716918069023,0.06312748661224442,[Maize].Phenology.Maturing.Target.FixedValue,Yield,fast,0.003696261653555137,1999
0.20284500218207943,0.35141202026301177,0.03756538097193735,0.04627995903443675,[Maize].Leaf.Photosynthesis.RUE.FixedValue,Yield,fast,0.14856701808093234,1999
0.07981979234554745,0.124670355405199,0.033082957897368134,0.06401888038913688,[Maize].Grain.MaximumPotentialGrainSize.FixedValue,Yield,fast,0.044850563059651544,1999
0.0011564523456990636,0.0054898847446114285,0.03646579697179448,0.06196909000191714,[Maize].Grain.MaximumNConc.InitialPhase.InitialNconc.FixedValue,Yield,fast,0.004333432398912365,1999
3.560427325009919e-05,0.0024458092748602667,0.037752665064792655,0.06512874946871924,[Maize].Phenology.MaturityToHarvestRipe.Target.FixedValue,Yield,fast,0.0024102050016101676,1999
0.29390313669974627,0.6057254427008993,0.03232420745533485,0.05887709962400958,[Maize].Phenology.Juvenile.Target.FixedValue,AGB,fast,0.31182230600115307,1999
0.0017783825435507277,0.008381687892031753,0.034791290869212906,0.05750241418827062,[Maize].Phenology.FlagLeafToFlowering.Target.FixedValue,AGB,fast,0.006603305348481026,1999
0.00012389135946668924,0.011716812447872926,0.03127684890905578,0.058503447974132754,[Maize].Phenology.FloweringToGrainFilling.Target.FixedValue,AGB,fast,0.011592921088406236,1999
0.002186246572882553,0.03442655527116556,0.03292035481869054,0.061163870847419075,[Maize].Phenology.GrainFilling.Target.FixedValue,AGB,fast,0.03224030869828301,1999
0.0025135964636853777,0.00861187392908791,0.031796139228654485,0.053371490764152936,[Maize].Cob.DMDemands.Structural.DMDemandFunction.MaximumOrganWt.FixedValue,AGB,fast,0.006098277465402532,1999
0.008916392922577567,0.05381169299096644,0.031731826305771,0.05797514906538659,[Maize].Grain.MaximumGrainsPerCob.FixedValue,AGB,fast,0.04489530006838888,1999
1.2825338870953012e-05,0.0028563752062467085,0.03317079129492815,0.06775619983334633,[Maize].Root.SpecificRootLength.FixedValue,AGB,fast,0.0028435498673757553,1999
4.8369172033583834e-05,0.0031751100596204562,0.034703445933002564,0.059621439133354104,[Maize].Phenology.Maturing.Target.FixedValue,AGB,fast,0.0031267408875868723,1999
0.2398501572913398,0.5561170705324426,0.03257133333077566,0.057318369294205404,[Maize].Leaf.Photosynthesis.RUE.FixedValue,AGB,fast,0.31626691324110284,1999
0.007675580901702176,0.07125069530732597,0.03495299131299883,0.07203520902512471,[Maize].Grain.MaximumPotentialGrainSize.FixedValue,AGB,fast,0.0635751144056238,1999
0.0012176366119728255,0.004956312420901887,0.03252339949339426,0.05920613307754522,[Maize].Grain.MaximumNConc.InitialPhase.InitialNconc.FixedValue,AGB,fast,0.0037386758089290617,1999
5.778102272086721e-05,0.002307586314819532,0.03342931575775142,0.061961324635065436,[Maize].Phenology.MaturityToHarvestRipe.Target.FixedValue,AGB,fast,0.002249805292098665,1999
0.33052351495066384,0.8075611131314723,0.0388600205383452,0.054355589650317705,[Maize].Phenology.Juvenile.Target.FixedValue,TopN2O,fast,0.47703759818080843,1999
1.1473799503648697e-06,0.001269098929454815,0.03322233979267924,0.055734610486105056,[Maize].Phenology.FlagLeafToFlowering.Target.FixedValue,TopN2O,fast,0.00126795154950445,1999
8.071401599244104e-06,0.0007696777142622846,0.03075262160429939,0.06430313225471951,[Maize].Phenology.FloweringToGrainFilling.Target.FixedValue,TopN2O,fast,0.0007616063126630405,1999
9.139679940827677e-05,0.0021003194403770298,0.03167639250492105,0.058311232020119855,[Maize].Phenology.GrainFilling.Target.FixedValue,TopN2O,fast,0.002008922640968753,1999
0.0001725501648895051,0.0014320895780735032,0.03868501233032448,0.054808521243989675,[Maize].Cob.DMDemands.Structural.DMDemandFunction.MaximumOrganWt.FixedValue,TopN2O,fast,0.0012595394131839981,1999
2.159453646099054e-05,0.003085374839564614,0.03355514731035807,0.05436464374432202,[Maize].Grain.MaximumGrainsPerCob.FixedValue,TopN2O,fast,0.0030637803031036237,1999
1.3630602782037897e-05,0.0008679498267735175,0.03368369532393012,0.0484097429619713,[Maize].Root.SpecificRootLength.FixedValue,TopN2O,fast,0.0008543192239914796,1999
1.542495488981496e-05,0.0007800061635105937,0.032060964339315726,0.062048628418777084,[Maize].Phenology.Maturing.Target.FixedValue,TopN2O,fast,0.0007645812086207787,1999
0.14441355490054056,0.6738946935905809,0.029188791266620637,0.049468825761537376,[Maize].Leaf.Photosynthesis.RUE.FixedValue,TopN2O,fast,0.5294811386900403,1999
0.0012177830232812624,0.019945895447094908,0.03276814682874507,0.06054293380221291,[Maize].Grain.MaximumPotentialGrainSize.FixedValue,TopN2O,fast,0.018728112423813646,1999
4.5700163560222135e-05,0.001923394507299503,0.033982686651614503,0.058081635292307796,[Maize].Grain.MaximumNConc.InitialPhase.InitialNconc.FixedValue,TopN2O,fast,0.0018776943437392808,1999
1.7320564570049053e-05,0.0018223210202310547,0.03860831873193674,0.0635764852588634,[Maize].Phenology.MaturityToHarvestRipe.Target.FixedValue,TopN2O,fast,0.0018050004556610056,1999
0.4366673561048114,0.6401744862675148,0.03547938730434764,0.06551827193137118,[Maize].Phenology.Juvenile.Target.FixedValue,soc0_10cm,fast,0.20350713016270344,1999
0.04160721261096377,0.061859382772911364,0.03191155642388627,0.056281231126722515,[Maize].Phenology.FlagLeafToFlowering.Target.FixedValue,soc0_10cm,fast,0.020252170161947594,1999
0.008855256212593227,0.02429597036372355,0.036312083858103215,0.059906561505155526,[Maize].Phenology.FloweringToGrainFilling.Target.FixedValue,soc0_10cm,fast,0.015440714151130325,1999
0.021792880325325045,0.07683608910043793,0.03060541221791732,0.06523252208241478,[Maize].Phenology.GrainFilling.Target.FixedValue,soc0_10cm,fast,0.05504320877511289,1999
0.004171642666019367,0.008755206319754683,0.03596845863825426,0.05507418375403108,[Maize].Cob.DMDemands.Structural.DMDemandFunction.MaximumOrganWt.FixedValue,soc0_10cm,fast,0.004583563653735316,1999
0.18494971091717588,0.23097259304058881,0.031084440112068425,0.0589661408315461,[Maize].Grain.MaximumGrainsPerCob.FixedValue,soc0_10cm,fast,0.046022882123412934,1999
1.8239231230065127e-05,0.0016206509431123672,0.030232762961512255,0.061544862780457,[Maize].Root.SpecificRootLength.FixedValue,soc0_10cm,fast,0.001602411711882302,1999
3.334381299725532e-05,0.001852604607568531,0.03485485296270352,0.058579140741429295,[Maize].Phenology.Maturing.Target.FixedValue,soc0_10cm,fast,0.0018192607945712756,1999
0.00889813972173247,0.10030655624055096,0.03997697929870565,0.05883237353144963,[Maize].Leaf.Photosynthesis.RUE.FixedValue,soc0_10cm,fast,0.0914084165188185,1999
0.12258742722076396,0.1457196502718393,0.03459008342314508,0.06347940125279561,[Maize].Grain.MaximumPotentialGrainSize.FixedValue,soc0_10cm,fast,0.023132223051075346,1999
0.00011696630517353251,0.00321213796744646,0.027895842057696237,0.04889315246971115,[Maize].Grain.MaximumNConc.InitialPhase.InitialNconc.FixedValue,soc0_10cm,fast,0.0030951716622729278,1999
5.24749959072407e-05,0.002234063199903047,0.029931841462372214,0.06127303794243998,[Maize].Phenology.MaturityToHarvestRipe.Target.FixedValue,soc0_10cm,fast,0.0021815882039958063,1999
0.4301838846752975,0.8646386701511286,0.03340255954469505,0.053809225734410035,[Maize].Phenology.Juvenile.Target.FixedValue,Top_respiration,fast,0.4344547854758311,1999
0.013170766471117305,0.017437372162794396,0.029411171828859373,0.05216007880329659,[Maize].Phenology.FlagLeafToFlowering.Target.FixedValue,Top_respiration,fast,0.00426660569167709,1999
0.002001416230957414,0.006768380787502637,0.02950920688229395,0.0619737555945019,[Maize].Phenology.FloweringToGrainFilling.Target.FixedValue,Top_respiration,fast,0.004766964556545223,1999
0.004787285234188672,0.01894242042217109,0.03894705449787849,0.05967656249194083,[Maize].Phenology.GrainFilling.Target.FixedValue,Top_respiration,fast,0.014155135187982419,1999
0.004130342267372723,0.007249058362722605,0.03637934182641527,0.05692116727979973,[Maize].Cob.DMDemands.Structural.DMDemandFunction.MaximumOrganWt.FixedValue,Top_respiration,fast,0.0031187160953498813,1999
0.04698105679496465,0.06520772492973648,0.031930055383064496,0.05751330754560187,[Maize].Grain.MaximumGrainsPerCob.FixedValue,Top_respiration,fast,0.018226668134771827,1999
6.138738572924997e-06,0.0023880941316182236,0.03564208265103094,0.05618484432245083,[Maize].Root.SpecificRootLength.FixedValue,Top_respiration,fast,0.0023819553930452984,1999
1.4918776004403283e-05,0.0023312242964627083,0.029900648402549603,0.07390155496160863,[Maize].Phenology.Maturing.Target.FixedValue,Top_respiration,fast,0.002316305520458305,1999
0.08879298386963229,0.4027029275342421,0.035456509662913215,0.0644788309983806,[Maize].Leaf.Photosynthesis.RUE.FixedValue,Top_respiration,fast,0.3139099436646098,1999
0.11424476703314533,0.1519352681248608,0.030692666085772816,0.06244515319925537,[Maize].Grain.MaximumPotentialGrainSize.FixedValue,Top_respiration,fast,0.03769050109171547,1999
0.00019778491228859683,0.004386964387317893,0.03684638097410287,0.055871060511604016,[Maize].Grain.MaximumNConc.InitialPhase.InitialNconc.FixedValue,Top_respiration,fast,0.004189179475029297,1999
4.969745776732405e-05,0.0040385461880265705,0.03075557077841849,0.05831031468769767,[Maize].Phenology.MaturityToHarvestRipe.Target.FixedValue,Top_respiration,fast,0.003988848730259247,1999
0.022631951954700205,0.6894222026117287,0.03249740340146891,0.05801888352348996,[Maize].Phenology.Juvenile.Target.FixedValue,Yield,fast,0.6667902506570285,2000
0.010485105925516722,0.019496004393189548,0.0366606123324635,0.06309397449146469,[Maize].Phenology.FlagLeafToFlowering.Target.FixedValue,Yield,fast,0.009010898467672826,2000
0.01735014493319533,0.02953960372391684,0.03461870457562178,0.0574831204361718,[Maize].Phenology.FloweringToGrainFilling.Target.FixedValue,Yield,fast,0.01218945879072151,2000
0.003016119688024537,0.01002545785259279,0.03304078328556327,0.058620974040747995,[Maize].Phenology.GrainFilling.Target.FixedValue,Yield,fast,0.007009338164568253,2000
0.0005860172506170767,0.0031752308406300944,0.032650153758214985,0.0683536624286659,[Maize].Cob.DMDemands.Structural.DMDemandFunction.MaximumOrganWt.FixedValue,Yield,fast,0.0025892135900130175,2000
0.020255944021948417,0.042347188886544984,0.03780112391119021,0.05601436337278899,[Maize].Grain.MaximumGrainsPerCob.FixedValue,Yield,fast,0.022091244864596567,2000
7.963778252899022e-05,0.00584280409968474,0.03254051572472814,0.06061420188842225,[Maize].Root.SpecificRootLength.FixedValue,Yield,fast,0.00576316631715575,2000
4.684328588132098e-05,0.005612751009142158,0.03264070848218207,0.0622812084183445,[Maize].Phenology.Maturing.Target.FixedValue,Yield,fast,0.005565907723260838,2000
0.30736669424706925,0.7717138044621962,0.034654939239839075,0.05959476377147232,[Maize].Leaf.Photosynthesis.RUE.FixedValue,Yield,fast,0.4643471102151269,2000
0.031714540150856466,0.10519517616547713,0.034107045545985586,0.057861949605031306,[Maize].Grain.MaximumPotentialGrainSize.FixedValue,Yield,fast,0.07348063601462067,2000
0.0005117934506645224,0.024107649581997737,0.03418267375172125,0.06394320926868968,[Maize].Grain.MaximumNConc.InitialPhase.InitialNconc.FixedValue,Yield,fast,0.023595856131333214,2000
4.1123224185210935e-05,0.01278154390272701,0.03681835332537542,0.059328468338565366,[Maize].Phenology.MaturityToHarvestRipe.Target.FixedValue,Yield,fast,0.0127404206785418,2000
0.019190443457644212,0.6498094729923645,0.035039161420643956,0.06831110463999196,[Maize].Phenology.Juvenile.Target.FixedValue,AGB,fast,0.6306190295347203,2000
0.0020029372963488025,0.0074367915955357855,0.03255585683983366,0.06795524587381484,[Maize].Phenology.FlagLeafToFlowering.Target.FixedValue,AGB,fast,0.005433854299186983,2000
0.00035088531460010925,0.005790086991701471,0.0372906668152082,0.06935445307133924,[Maize].Phenology.FloweringToGrainFilling.Target.FixedValue,AGB,fast,0.005439201677101361,2000
0.0018488178087045432,0.010798707265950447,0.03225899577099397,0.06388952152846702,[Maize].Phenology.GrainFilling.Target.FixedValue,AGB,fast,0.008949889457245903,2000
0.0008016574138053461,0.003959967223782779,0.035873111457165784,0.060605116384371195,[Maize].Cob.DMDemands.Structural.DMDemandFunction.MaximumOrganWt.FixedValue,AGB,fast,0.0031583098099774326,2000
0.0026527509854078275,0.017043906192084735,0.03581556754531336,0.057219439885175465,[Maize].Grain.MaximumGrainsPerCob.FixedValue,AGB,fast,0.014391155206676907,2000
9.13029456155214e-05,0.007844707188464972,0.036734282844877786,0.057452309786741804,[Maize].Root.SpecificRootLength.FixedValue,AGB,fast,0.007753404242849451,2000
9.64934036905605e-05,0.007632194254460711,0.029086086961824225,0.05671195113532746,[Maize].Phenology.Maturing.Target.FixedValue,AGB,fast,0.007535700850770151,2000
0.3510435213581016,0.9136793641720676,0.029367427331826696,0.05981003815872305,[Maize].Leaf.Photosynthesis.RUE.FixedValue,AGB,fast,0.5626358428139661,2000
0.001006963532692749,0.09186966088205817,0.034590042882879826,0.05604390253881051,[Maize].Grain.MaximumPotentialGrainSize.FixedValue,AGB,fast,0.09086269734936542,2000
0.00022844091552078348,0.010644799423781826,0.032804214310026364,0.05863380834652587,[Maize].Grain.MaximumNConc.InitialPhase.InitialNconc.FixedValue,AGB,fast,0.010416358508261041,2000
0.00013691419416182897,0.006058817245775394,0.03221138998415038,0.05106564324627,[Maize].Phenology.MaturityToHarvestRipe.Target.FixedValue,AGB,fast,0.005921903051613565,2000
0.2557685794003518,0.5349943639353127,0.032283655468485134,0.059762286195624986,[Maize].Phenology.Juvenile.Target.FixedValue,TopN2O,fast,0.27922578453496094,2000
5.6610497695882115e-05,0.0010508529679870149,0.029085487630208552,0.05722518641805689,[Maize].Phenology.FlagLeafToFlowering.Target.FixedValue,TopN2O,fast,0.0009942424702911329,2000
1.5588883393824458e-05,0.0017389270930369127,0.035061724755987504,0.05755284566377485,[Maize].Phenology.FloweringToGrainFilling.Target.FixedValue,TopN2O,fast,0.0017233382096430883,2000
0.00040339802752140314,0.008996092759249397,0.036488702021011295,0.0581727830063351,[Maize].Phenology.GrainFilling.Target.FixedValue,TopN2O,fast,0.008592694731727994,2000
2.359559462654082e-06,0.0012098977003143219,0.03385355641026354,0.054215722919982584,[Maize].Cob.DMDemands.Structural.DMDemandFunction.MaximumOrganWt.FixedValue,TopN2O,fast,0.0012075381408516678,2000
0.0016192408597813953,0.010982426314479321,0.03157461612680349,0.05005654376960708,[Maize].Grain.MaximumGrainsPerCob.FixedValue,TopN2O,fast,0.009363185454697926,2000
7.565790794146246e-05,0.005439121425323434,0.036034547647293955,0.05724297836635015,[Maize].Root.SpecificRootLength.FixedValue,TopN2O,fast,0.005363463517381972,2000
7.995899934476784e-05,0.005162720945784072,0.033168191505258945,0.057369134748005916,[Maize].Phenology.Maturing.Target.FixedValue,TopN2O,fast,0.0050827619464393035,2000
0.4835410212387548,0.7882862515804171,0.03412407812982788,0.049641351083818515,[Maize].Leaf.Photosynthesis.RUE.FixedValue,TopN2O,fast,0.3047452303416623,2000
0.0015173253158155095,0.05229562420117606,0.036858909590989156,0.05836839596939884,[Maize].Grain.MaximumPotentialGrainSize.FixedValue,TopN2O,fast,0.05077829888536055,2000
3.05139813279375e-06,0.00266674562059932,0.03176355716064817,0.05422888697260732,[Maize].Grain.MaximumNConc.InitialPhase.InitialNconc.FixedValue,TopN2O,fast,0.0026636942224665264,2000
7.123418384254163e-05,0.004036976403242187,0.03422397579873843,0.06984086687469906,[Maize].Phenology.MaturityToHarvestRipe.Target.FixedValue,TopN2O,fast,0.0039657422193996456,2000
0.3505154564249064,0.5362233260690806,0.03781778337324115,0.057899048199362695,[Maize].Phenology.Juvenile.Target.FixedValue,soc0_10cm,fast,0.18570786964417424,2000
0.06192425082564789,0.08763889900986699,0.03157086984080816,0.06167505911618598,[Maize].Phenology.FlagLeafToFlowering.Target.FixedValue,soc0_10cm,fast,0.025714648184219098,2000
0.014405112264167803,0.03808526915279631,0.03552981978995209,0.061881345706830834,[Maize].Phenology.FloweringToGrainFilling.Target.FixedValue,soc0_10cm,fast,0.023680156888628505,2000
0.02843999887520954,0.11336447099755775,0.035214434490153344,0.06137250080529171,[Maize].Phenology.GrainFilling.Target.FixedValue,soc0_10cm,fast,0.08492447212234822,2000
0.008078923638015418,0.013076947819582685,0.0339800387919927,0.055733065122808165,[Maize].Cob.DMDemands.Structural.DMDemandFunction.MaximumOrganWt.FixedValue,soc0_10cm,fast,0.004998024181567267,2000
0.19642115474477542,0.24881425508759558,0.033284265775038055,0.06389001388744814,[Maize].Grain.MaximumGrainsPerCob.FixedValue,soc0_10cm,fast,0.05239310034282016,2000
3.036874829708895e-05,0.0037602520292832065,0.03623550644722368,0.05906912392294821,[Maize].Root.SpecificRootLength.FixedValue,soc0_10cm,fast,0.0037298832809861174,2000
2.8554897782681315e-05,0.0038096153133773125,0.03601056801912791,0.05708572778189866,[Maize].Phenology.Maturing.Target.FixedValue,soc0_10cm,fast,0.0037810604155946313,2000
0.03148612923761656,0.09120897728500665,0.030811332166062144,0.05671015091543217,[Maize].Leaf.Photosynthesis.RUE.FixedValue,soc0_10cm,fast,0.059722848047390094,2000
0.14586556138874768,0.17884360023585832,0.03183319752687846,0.05139674409444784,[Maize].Grain.MaximumPotentialGrainSize.FixedValue,soc0_10cm,fast,0.03297803884711065,2000
0.00016966219692211534,0.0038185987476476724,0.03602686455988148,0.062367216786250214,[Maize].Grain.MaximumNConc.InitialPhase.InitialNconc.FixedValue,soc0_10cm,fast,0.003648936550725557,2000
0.00011127209896658767,0.002649779416700304,0.03301328133998821,0.05429181848123137,[Maize].Phenology.MaturityToHarvestRipe.Target.FixedValue,soc0_10cm,fast,0.0025385073177337167,2000
0.7521408930747001,0.9016949608372052,0.03544954319232994,0.05685289202305096,[Maize].Phenology.Juvenile.Target.FixedValue,Top_respiration,fast,0.14955406776250513,2000
0.0020481417847042155,0.002963507038382329,0.03777962642660585,0.06357690484306254,[Maize].Phenology.FlagLeafToFlowering.Target.FixedValue,Top_respiration,fast,0.0009153652536781137,2000
0.00040537278571262976,0.00156844513525356,0.0404342598967774,0.054297810162149907,[Maize].Phenology.FloweringToGrainFilling.Target.FixedValue,Top_respiration,fast,0.0011630723495409303,2000
0.0002792931788877293,0.003947250876862207,0.03353162737994633,0.05672081126320296,[Maize].Phenology.GrainFilling.Target.FixedValue,Top_respiration,fast,0.003667957697974478,2000
0.0014793830353988192,0.002819965458838891,0.03209901739917829,0.06165938316666024,[Maize].Cob.DMDemands.Structural.DMDemandFunction.MaximumOrganWt.FixedValue,Top_respiration,fast,0.001340582423440072,2000
0.004497830039625268,0.007357806294553071,0.03724653157849834,0.0611278551727377,[Maize].Grain.MaximumGrainsPerCob.FixedValue,Top_respiration,fast,0.002859976254927803,2000
7.643136460237256e-06,0.00048444134148595275,0.0309526710938619,0.06498944695736966,[Maize].Root.SpecificRootLength.FixedValue,Top_respiration,fast,0.0004767982050257155,2000
1.1697298819017951e-05,0.0005173107934162147,0.03332282538326815,0.0545921314374962,[Maize].Phenology.Maturing.Target.FixedValue,Top_respiration,fast,0.0005056134945971967,2000
0.1346561422438602,0.2368703662542816,0.03295533251946803,0.05812606351492351,[Maize].Leaf.Photosynthesis.RUE.FixedValue,Top_respiration,fast,0.1022142240104214,2000
0.022283476804669824,0.03766818901345048,0.03751517637107058,0.061695902174369245,[Maize].Grain.MaximumPotentialGrainSize.FixedValue,Top_respiration,fast,0.015384712208780658,2000
7.237656182108236e-05,0.0008509058335998132,0.03750110964426094,0.06291607512690174,[Maize].Grain.MaximumNConc.InitialPhase.InitialNconc.FixedValue,Top_respiration,fast,0.0007785292717787308,2000
8.137434647990561e-06,0.0009076273748003238,0.02994418301892163,0.050883172167490484,[Maize].Phenology.MaturityToHarvestRipe.Target.FixedValue,Top_respiration,fast,0.0008994899401523333,2000
0.2818289104916035,0.73130775602778,0.03043093832184659,0.06220937590191077,[Maize].Phenology.Juvenile.Target.FixedValue,Yield,fast,0.44947884553617645,2001
0.011671919517326473,0.017578595746368664,0.041216296617782804,0.05971929101982818,[Maize].Phenology.FlagLeafToFlowering.Target.FixedValue,Yield,fast,0.005906676229042191,2001
0.010643772333826249,0.022864538141502355,0.03525993922618936,0.05970464359517889,[Maize].Phenology.FloweringToGrainFilling.Target.FixedValue,Yield,fast,0.012220765807676106,2001
0.03978029484618502,0.08135096584108437,0.034632350030063486,0.06003208047625424,[Maize].Phenology.GrainFilling.Target.FixedValue,Yield,fast,0.04157067099489935,2001
0.0004900794325749473,0.005277563021197529,0.0337786339605264,0.054771717201068354,[Maize].Cob.DMDemands.Structural.DMDemandFunction.MaximumOrganWt.FixedValue,Yield,fast,0.004787483588622582,2001
0.055836062350066266,0.12136381745490765,0.03544063519450114,0.05692976894344589,[Maize].Grain.MaximumGrainsPerCob.FixedValue,Yield,fast,0.06552775510484138,2001
4.544118884896453e-05,0.003370382805974015,0.03224181650312988,0.05887215840277372,[Maize].Root.SpecificRootLength.FixedValue,Yield,fast,0.0033249416171250504,2001
4.205178151038933e-05,0.00324380768956245,0.03251738891984563,0.06426241850191557,[Maize].Phenology.Maturing.Target.FixedValue,Yield,fast,0.0032017559080520608,2001
0.15489914952064288,0.42901586001960035,0.03617065647135939,0.0682831725998802,[Maize].Leaf.Photosynthesis.RUE.FixedValue,Yield,fast,0.27411671049895747,2001
0.04152405365092066,0.07598440244340776,0.032750551011093955,0.055479652134368514,[Maize].Grain.MaximumPotentialGrainSize.FixedValue,Yield,fast,0.0344603487924871,2001
0.0023895607085296297,0.008376627977797924,0.03245021351152,0.05312851957142499,[Maize].Grain.MaximumNConc.InitialPhase.InitialNconc.FixedValue,Yield,fast,0.005987067269268294,2001
6.996629352105196e-05,0.003278319936243612,0.03240096669902677,0.05931504956435413,[Maize].Phenology.MaturityToHarvestRipe.Target.FixedValue,Yield,fast,0.0032083536427225602,2001
0.22991925356669757,0.7168098957075879,0.0329052485734912,0.06624229134697163,[Maize].Phenology.Juvenile.Target.FixedValue,AGB,fast,0.48689064214089034,2001
0.00017731683772260055,0.0036323698789885173,0.03767571650668778,0.05647988991858991,[Maize].Phenology.FlagLeafToFlowering.Target.FixedValue,AGB,fast,0.0034550530412659165,2001
0.0006267905499467944,0.010887515499950706,0.031030939447272577,0.06533574112913654,[Maize].Phenology.FloweringToGrainFilling.Target.FixedValue,AGB,fast,0.010260724950003911,2001
0.004726618710858824,0.02732100927502823,0.033506965330436234,0.06118040580792104,[Maize].Phenology.GrainFilling.Target.FixedValue,AGB,fast,0.022594390564169405,2001
0.0021185942254168177,0.008612198158423845,0.0398219608142581,0.06389759575125036,[Maize].Cob.DMDemands.Structural.DMDemandFunction.MaximumOrganWt.FixedValue,AGB,fast,0.006493603933007027,2001
0.00010769654478652513,0.037219126994864626,0.03361702045745227,0.057119763800285564,[Maize].Grain.MaximumGrainsPerCob.FixedValue,AGB,fast,0.0371114304500781,2001
2.1875668524313473e-05,0.0022684491109384863,0.033340411737923334,0.07001034859149122,[Maize].Root.SpecificRootLength.FixedValue,AGB,fast,0.002246573442414173,2001
2.5781737626283133e-05,0.0020608373091065557,0.03765743181174596,0.061692554876123594,[Maize].Phenology.Maturing.Target.FixedValue,AGB,fast,0.0020350555714802724,2001
0.23426480660407795,0.6662014985264734,0.034686485825483546,0.05435853362626324,[Maize].Leaf.Photosynthesis.RUE.FixedValue,AGB,fast,0.4319366919223954,2001
0.013049325339212246,0.07934425076535023,0.03607009846682965,0.05503243427008511,[Maize].Grain.MaximumPotentialGrainSize.FixedValue,AGB,fast,0.06629492542613799,2001
0.00235496880820294,0.007243194198030656,0.034530484738179455,0.062068117663431906,[Maize].Grain.MaximumNConc.InitialPhase.InitialNconc.FixedValue,AGB,fast,0.004888225389827716,2001
2.3033630766806474e-05,0.00261613889693757,0.03229680184176488,0.05806299617704217,[Maize].Phenology.MaturityToHarvestRipe.Target.FixedValue,AGB,fast,0.0025931052661707634,2001
0.27781328184356924,0.6625361892213331,0.03133110838201547,0.054685129761799345,[Maize].Phenology.Juvenile.Target.FixedValue,TopN2O,fast,0.3847229073777638,2001
9.32002411689021e-05,0.004073075549992922,0.03707545628364148,0.06535331188625698,[Maize].Phenology.FlagLeafToFlowering.Target.FixedValue,TopN2O,fast,0.003979875308824019,2001
2.149032321285828e-05,0.0023328229980288384,0.02982538369343798,0.052730206765815,[Maize].Phenology.FloweringToGrainFilling.Target.FixedValue,TopN2O,fast,0.00231133267481598,2001
0.004256910420342499,0.03198777607817427,0.03099395730277404,0.056527981410402765,[Maize].Phenology.GrainFilling.Target.FixedValue,TopN2O,fast,0.02773086565783177,2001
0.00012858222905209733,0.0013496058171437175,0.03290528808676094,0.05895285346566453,[Maize].Cob.DMDemands.Structural.DMDemandFunction.MaximumOrganWt.FixedValue,TopN2O,fast,0.0012210235880916202,2001
0.00046642638779228037,0.004425740788032706,0.0322323302578633,0.05806418138109965,[Maize].Grain.MaximumGrainsPerCob.FixedValue,TopN2O,fast,0.003959314400240425,2001
6.870648687225659e-06,0.00046047270238447346,0.02941705165399812,0.05436337492040325,[Maize].Root.SpecificRootLength.FixedValue,TopN2O,fast,0.0004536020536972478,2001
1.37462331975724e-05,0.0005441109065936756,0.033643825758393926,0.06037710239314657,[Maize].Phenology.Maturing.Target.FixedValue,TopN2O,fast,0.0005303646733961032,2001
0.3997606652944278,0.7506015382757918,0.029336503398418666,0.05847695855889695,[Maize].Leaf.Photosynthesis.RUE.FixedValue,TopN2O,fast,0.350840872981364,2001
0.0015274737854392665,0.01916554851949237,0.03540465275708081,0.058730225933835506,[Maize].Grain.MaximumPotentialGrainSize.FixedValue,TopN2O,fast,0.017638074734053103,2001
2.726067684969093e-05,0.0012400964668686232,0.0348740280694109,0.0534889421960283,[Maize].Grain.MaximumNConc.InitialPhase.InitialNconc.FixedValue,TopN2O,fast,0.0012128357900189322,2001
0.0001093182743919974,0.0016601260641549986,0.0345455308343229,0.06246036567695621,[Maize].Phenology.MaturityToHarvestRipe.Target.FixedValue,TopN2O,fast,0.0015508077897630013,2001
0.37021734962266023,0.5268727603493666,0.032180509410050066,0.06348352123574087,[Maize].Phenology.Juvenile.Target.FixedValue,soc0_10cm,fast,0.15665541072670636,2001
0.042477330500868174,0.06436618940777494,0.034903779324250817,0.06220276146446356,[Maize].Phenology.FlagLeafToFlowering.Target.FixedValue,soc0_10cm,fast,0.02188885890690677,2001
0.010861460219463727,0.02883320053603111,0.03599010483656278,0.05874186622889331,[Maize].Phenology.FloweringToGrainFilling.Target.FixedValue,soc0_10cm,fast,0.017971740316567383,2001
0.019572521480674333,0.07909610350753915,0.031156031581564967,0.060217152210102216,[Maize].Phenology.GrainFilling.Target.FixedValue,soc0_10cm,fast,0.05952358202686482,2001
0.005286676299580136,0.009367155149687112,0.030617294958259093,0.07257378163579874,[Maize].Cob.DMDemands.Structural.DMDemandFunction.MaximumOrganWt.FixedValue,soc0_10cm,fast,0.004080478850106976,2001
0.16046831416855753,0.19263714951904654,0.03509226112229742,0.060605462328408286,[Maize].Grain.MaximumGrainsPerCob.FixedValue,soc0_10cm,fast,0.032168835350489006,2001
4.74093463010881e-06,0.001772748559658921,0.03594217541259613,0.05756393779769394,[Maize].Root.SpecificRootLength.FixedValue,soc0_10cm,fast,0.0017680076250288122,2001
4.172699529189628e-05,0.0016200175307299336,0.02956969194532601,0.0666137931193202,[Maize].Phenology.Maturing.Target.FixedValue,soc0_10cm,fast,0.0015782905354380372,2001
0.028285001314474468,0.09516155980376884,0.03856049039667814,0.06278503418964582,[Maize].Leaf.Photosynthesis.RUE.FixedValue,soc0_10cm,fast,0.06687655848929437,2001
0.15463110437548191,0.1813764891315076,0.033892954151253804,0.06088618934514796,[Maize].Grain.MaximumPotentialGrainSize.FixedValue,soc0_10cm,fast,0.026745384756025697,2001
0.00023675010511645637,0.00307715654897478,0.03564069821436534,0.057805886626793625,[Maize].Grain.MaximumNConc.InitialPhase.InitialNconc.FixedValue,soc0_10cm,fast,0.0028404064438583235,2001
0.00012756184539093035,0.0020837319295929912,0.033978566348014536,0.058485636254425266,[Maize].Phenology.MaturityToHarvestRipe.Target.FixedValue,soc0_10cm,fast,0.001956170084202061,2001
0.08072206700787972,0.46294853326928986,0.03713754929258766,0.055291647326421986,[Maize].Phenology.Juvenile.Target.FixedValue,Top_respiration,fast,0.38222646626141016,2001
0.08119920907737875,0.09829247584595213,0.036590759238924214,0.06682822760312315,[Maize].Phenology.FlagLeafToFlowering.Target.FixedValue,Top_respiration,fast,0.01709326676857338,2001
0.022410783966370897,0.03503711302427148,0.03279357150415651,0.05581474314970294,[Maize].Phenology.FloweringToGrainFilling.Target.FixedValue,Top_respiration,fast,0.012626329057900586,2001
0.11706284256000517,0.15394961117738393,0.028303329461751264,0.07091544773709828,[Maize].Phenology.GrainFilling.Target.FixedValue,Top_respiration,fast,0.03688676861737876,2001
0.008194417369745688,0.014214237453727518,0.035230041133399996,0.058965657653229704,[Maize].Cob.DMDemands.Structural.DMDemandFunction.MaximumOrganWt.FixedValue,Top_respiration,fast,0.0060198200839818305,2001
0.135968328345793,0.16499782819001274,0.03498259031043114,0.06679592854723904,[Maize].Grain.MaximumGrainsPerCob.FixedValue,Top_respiration,fast,0.029029499844219736,2001
1.891088984399647e-05,0.003764969078981717,0.0338588013903222,0.059711038029709805,[Maize].Root.SpecificRootLength.FixedValue,Top_respiration,fast,0.0037460581891377203,2001
0.00014927176327926662,0.004000492522811205,0.029941763370502,0.06122880277481149,[Maize].Phenology.Maturing.Target.FixedValue,Top_respiration,fast,0.003851220759531939,2001
0.11285410625588296,0.31650751349687345,0.03479932136258681,0.06224389906934099,[Maize].Leaf.Photosynthesis.RUE.FixedValue,Top_respiration,fast,0.20365340724099049,2001
0.08799852700287948,0.11832764674356488,0.03889742833880244,0.05899935386021386,[Maize].Grain.MaximumPotentialGrainSize.FixedValue,Top_respiration,fast,0.030329119740685404,2001
7.563714702236387e-05,0.008666937222737148,0.03346224669820295,0.06715716975748812,[Maize].Grain.MaximumNConc.InitialPhase.InitialNconc.FixedValue,Top_respiration,fast,0.008591300075714783,2001
0.0018805115947240587,0.014406792256437484,0.03473849717221394,0.057714151431397055,[Maize].Phenology.MaturityToHarvestRipe.Target.FixedValue,Top_respiration,fast,0.012526280661713424,2001
0.43744187626303005,0.7444353045325377,0.03277569179858609,0.0542643876897907,[Maize].Phenology.Juvenile.Target.FixedValue,Yield,fast,0.30699342826950765,2002
0.10951985801600367,0.33999138447927413,0.03488303177832122,0.07011342921769924,[Maize].Phenology.FlagLeafToFlowering.Target.FixedValue,Yield,fast,0.23047152646327046,2002
0.07256675301431685,0.3142788611094287,0.03104774499650141,0.06901926866782934,[Maize].Phenology.FloweringToGrainFilling.Target.FixedValue,Yield,fast,0.24171210809511184,2002
0.010832168473843688,0.13682293513022792,0.03244692673511227,0.06311029461805404,[Maize].Phenology.GrainFilling.Target.FixedValue,Yield,fast,0.12599076665638423,2002
0.000486100308935455,0.0908226237734503,0.03464597620082139,0.06262559370073854,[Maize].Cob.DMDemands.Structural.DMDemandFunction.MaximumOrganWt.FixedValue,Yield,fast,0.09033652346451485,2002
0.03535801929282166,0.18533705190806693,0.027107222600217622,0.052253075106864694,[Maize].Grain.MaximumGrainsPerCob.FixedValue,Yield,fast,0.14997903261524526,2002
0.0013945481155379432,0.09404082415136006,0.03907962181111216,0.06065614120950721,[Maize].Root.SpecificRootLength.FixedValue,Yield,fast,0.09264627603582211,2002
0.0009639833043727948,0.103677138316839,0.03694582522855199,0.06935635299626924,[Maize].Phenology.Maturing.Target.FixedValue,Yield,fast,0.10271315501246621,2002
0.18861439409346517,0.4252219037452525,0.03249747178280053,0.06201676003247691,[Maize].Leaf.Photosynthesis.RUE.FixedValue,Yield,fast,0.2366075096517873,2002
0.001779708965689549,0.033325545246526866,0.034106086954165046,0.06505270581299766,[Maize].Grain.MaximumPotentialGrainSize.FixedValue,Yield,fast,0.03154583628083732,2002
0.0002899671872370271,0.0222761061186888,0.03152728945757691,0.06615404878705254,[Maize].Grain.MaximumNConc.InitialPhase.InitialNconc.FixedValue,Yield,fast,0.021986138931451772,2002
0.0011167179119172756,0.028019021302713054,0.03244790022954908,0.06184975450601878,[Maize].Phenology.MaturityToHarvestRipe.Target.FixedValue,Yield,fast,0.02690230339079578,2002
0.3468623235134285,0.7329902891851481,0.03691668810768572,0.05408902482359962,[Maize].Phenology.Juvenile.Target.FixedValue,AGB,fast,0.3861279656717196,2002
0.006253736403848475,0.04257140834550066,0.03240369764293839,0.05875344482753784,[Maize].Phenology.FlagLeafToFlowering.Target.FixedValue,AGB,fast,0.03631767194165218,2002
0.002073711731456919,0.033722372103653475,0.03128776832120553,0.06332902857994294,[Maize].Phenology.FloweringToGrainFilling.Target.FixedValue,AGB,fast,0.03164866037219655,2002
0.0047808811224719,0.0521761244556751,0.03548846121326802,0.06712731903564867,[Maize].Phenology.GrainFilling.Target.FixedValue,AGB,fast,0.0473952433332032,2002
0.0023371481390284414,0.020316667968408808,0.032989046361477044,0.060939003071345914,[Maize].Cob.DMDemands.Structural.DMDemandFunction.MaximumOrganWt.FixedValue,AGB,fast,0.017979519829380366,2002
0.001953679276959582,0.031225758191317343,0.035474389854570014,0.056927300245061305,[Maize].Grain.MaximumGrainsPerCob.FixedValue,AGB,fast,0.029272078914357763,2002
6.712104265564818e-05,0.006253473412088706,0.03681387760356372,0.061995498925721065,[Maize].Root.SpecificRootLength.FixedValue,AGB,fast,0.006186352369433058,2002
0.00030996814524646393,0.006929760066513135,0.032380065413751304,0.06628322152871026,[Maize].Phenology.Maturing.Target.FixedValue,AGB,fast,0.006619791921266671,2002
0.10446365096809189,0.5065817623456759,0.035904610490759804,0.057360486269525245,[Maize].Leaf.Photosynthesis.RUE.FixedValue,AGB,fast,0.40211811137758396,2002
0.0015028638821201104,0.055938103142708306,0.03450459189250562,0.06487752361226407,[Maize].Grain.MaximumPotentialGrainSize.FixedValue,AGB,fast,0.05443523926058819,2002
4.277996975315288e-05,0.01488243153744151,0.03459873151069725,0.06276722615932846,[Maize].Grain.MaximumNConc.InitialPhase.InitialNconc.FixedValue,AGB,fast,0.014839651567688357,2002
0.0009825878336406912,0.016717837421665438,0.034574209331697796,0.06730148266590695,[Maize].Phenology.MaturityToHarvestRipe.Target.FixedValue,AGB,fast,0.015735249588024747,2002
0.1696377132768527,0.7906433045553969,0.027874560285280743,0.052620857287872295,[Maize].Phenology.Juvenile.Target.FixedValue,TopN2O,fast,0.6210055912785442,2002
1.183050868119538e-05,0.0008120419733953499,0.027023360974992344,0.06808275670556797,[Maize].Phenology.FlagLeafToFlowering.Target.FixedValue,TopN2O,fast,0.0008002114647141545,2002
7.808711969548653e-05,0.004326931144555846,0.031859174081615226,0.054110197565696405,[Maize].Phenology.FloweringToGrainFilling.Target.FixedValue,TopN2O,fast,0.004248844024860359,2002
0.006793815657138317,0.04074545487374348,0.03140773006039933,0.06686148515988666,[Maize].Phenology.GrainFilling.Target.FixedValue,TopN2O,fast,0.03395163921660516,2002
0.00010982839081091455,0.006070538748344845,0.03240600541627936,0.05678166013634263,[Maize].Cob.DMDemands.Structural.DMDemandFunction.MaximumOrganWt.FixedValue,TopN2O,fast,0.0059607103575339306,2002
0.0003148325321263998,0.013258100084886038,0.032413484251687684,0.060001339795386216,[Maize].Grain.MaximumGrainsPerCob.FixedValue,TopN2O,fast,0.012943267552759638,2002
1.2764872224475166e-05,0.000650585731691744,0.03252268699960999,0.058871211914630586,[Maize].Root.SpecificRootLength.FixedValue,TopN2O,fast,0.0006378208594672689,2002
3.57129536283963e-05,0.001034371977108206,0.03289107818913583,0.05491209765754744,[Maize].Phenology.Maturing.Target.FixedValue,TopN2O,fast,0.0009986590234798097,2002
0.17950667496976133,0.8178985343064937,0.030094726214898677,0.05261364886304749,[Maize].Leaf.Photosynthesis.RUE.FixedValue,TopN2O,fast,0.6383918593367324,2002
0.002036144674399776,0.06280094617552223,0.03109974963339079,0.054666085957717964,[Maize].Grain.MaximumPotentialGrainSize.FixedValue,TopN2O,fast,0.060764801501122456,2002
0.00017398907920486293,0.013745123849111973,0.03266071577124618,0.0585754095901373,[Maize].Grain.MaximumNConc.InitialPhase.InitialNconc.FixedValue,TopN2O,fast,0.01357113476990711,2002
0.0012262956000552252,0.03168257567152244,0.029090460992078848,0.0660892647308522,[Maize].Phenology.MaturityToHarvestRipe.Target.FixedValue,TopN2O,fast,0.030456280071467213,2002
0.20658364998539944,0.41421468902371616,0.04080101076932771,0.058432689602810825,[Maize].Phenology.Juvenile.Target.FixedValue,soc0_10cm,fast,0.20763103903831673,2002
0.035889778853750665,0.057794132023941125,0.031535671930166896,0.056338546580977554,[Maize].Phenology.FlagLeafToFlowering.Target.FixedValue,soc0_10cm,fast,0.02190435317019046,2002
0.007542708769594237,0.02574829851790683,0.03828457032976636,0.06345651122207657,[Maize].Phenology.FloweringToGrainFilling.Target.FixedValue,soc0_10cm,fast,0.018205589748312594,2002
0.0321578177817215,0.09761990799102982,0.03577886905823259,0.060960177318353126,[Maize].Phenology.GrainFilling.Target.FixedValue,soc0_10cm,fast,0.06546209020930832,2002
0.007133626058534386,0.012502638060105209,0.03805282835053987,0.0691451501529516,[Maize].Cob.DMDemands.Structural.DMDemandFunction.MaximumOrganWt.FixedValue,soc0_10cm,fast,0.005369012001570823,2002
0.20403540825103755,0.2411824304408169,0.03839370491263169,0.06119180434210577,[Maize].Grain.MaximumGrainsPerCob.FixedValue,soc0_10cm,fast,0.03714702218977933,2002
2.997422840803892e-05,0.002584076364976373,0.03569517316577327,0.059328045367423435,[Maize].Root.SpecificRootLength.FixedValue,soc0_10cm,fast,0.0025541021365683343,2002
0.00016854679752985525,0.0028662387651533505,0.03582643801762915,0.05802041881239304,[Maize].Phenology.Maturing.Target.FixedValue,soc0_10cm,fast,0.002697691967623495,2002
0.01521253130877911,0.12231191256980756,0.033029444120658294,0.06241941196794124,[Maize].Leaf.Photosynthesis.RUE.FixedValue,soc0_10cm,fast,0.10709938126102844,2002
0.1823429283394504,0.21609104940769552,0.03515787526391052,0.06345074806068704,[Maize].Grain.MaximumPotentialGrainSize.FixedValue,soc0_10cm,fast,0.033748121068245124,2002
0.0003955075596880409,0.00544206684693449,0.03267143907194615,0.05323522677287991,[Maize].Grain.MaximumNConc.InitialPhase.InitialNconc.FixedValue,soc0_10cm,fast,0.00504655928724645,2002
0.0001815784965690052,0.0033753181926279296,0.03337973344513393,0.0530498126540956,[Maize].Phenology.MaturityToHarvestRipe.Target.FixedValue,soc0_10cm,fast,0.0031937396960589246,2002
0.1893464845385269,0.6875436358159912,0.03658918213253883,0.05781627107335135,[Maize].Phenology.Juvenile.Target.FixedValue,Top_respiration,fast,0.49819715127746433,2002
0.007606386803478512,0.009678045425028259,0.037787825724017114,0.05466986689875837,[Maize].Phenology.FlagLeafToFlowering.Target.FixedValue,Top_respiration,fast,0.002071658621549747,2002
0.0036574435596970285,0.008606132767770003,0.03421528022886158,0.053031971394049596,[Maize].Phenology.FloweringToGrainFilling.Target.FixedValue,Top_respiration,fast,0.004948689208072975,2002
0.018613054025989454,0.0382005262302908,0.033336647806986745,0.06496707548757788,[Maize].Phenology.GrainFilling.Target.FixedValue,Top_respiration,fast,0.019587472204301345,2002
0.002026280365133833,0.003475036130604736,0.03556507556027615,0.05959171861874356,[Maize].Cob.DMDemands.Structural.DMDemandFunction.MaximumOrganWt.FixedValue,Top_respiration,fast,0.0014487557654709032,2002
0.029582557819235616,0.03892345204063408,0.027950191194527005,0.0644781859839244,[Maize].Grain.MaximumGrainsPerCob.FixedValue,Top_respiration,fast,0.009340894221398461,2002
6.102481685197829e-06,0.0009506804817833725,0.0273029931366368,0.06222814848858886,[Maize].Root.SpecificRootLength.FixedValue,Top_respiration,fast,0.0009445780000981747,2002
0.00024236188688696062,0.0014448590821690699,0.03452643245367384,0.06425866602024936,[Maize].Phenology.Maturing.Target.FixedValue,Top_respiration,fast,0.0012024971952821093,2002
0.2041340770106721,0.5889095714682877,0.03288282694275692,0.05945266936150599,[Maize].Leaf.Photosynthesis.RUE.FixedValue,Top_respiration,fast,0.3847754944576156,2002
0.13240665063136495,0.1783307623689755,0.03736253764966662,0.06837478461968514,[Maize].Grain.MaximumPotentialGrainSize.FixedValue,Top_respiration,fast,0.045924111737610546,2002
0.00021899755309262654,0.0031216540791283443,0.02972742520346905,0.05775087459613967,[Maize].Grain.MaximumNConc.InitialPhase.InitialNconc.FixedValue,Top_respiration,fast,0.0029026565260357176,2002
0.001294472473707491,0.006218211611426994,0.036986760027948304,0.06391359999442725,[Maize].Phenology.MaturityToHarvestRipe.Target.FixedValue,Top_respiration,fast,0.004923739137719502,2002
0.674790189081686,0.8923240181048214,0.03485594200476673,0.05994839700106118,[Maize].Phenology.Juvenile.Target.FixedValue,Yield,fast,0.21753382902313545,2003
0.008132412242672814,0.027900027324703203,0.030252311802418164,0.05198269805180927,[Maize].Phenology.FlagLeafToFlowering.Target.FixedValue,Yield,fast,0.019767615082030388,2003
0.025638868303796546,0.06617140806636346,0.030132400936499413,0.06905149653117192,[Maize].Phenology.FloweringToGrainFilling.Target.FixedValue,Yield,fast,0.04053253976256691,2003
0.03270180143663271,0.0746317850482272,0.03842290336101944,0.06473965762956727,[Maize].Phenology.GrainFilling.Target.FixedValue,Yield,fast,0.041929983611594494,2003
0.00013009194866975225,0.018581866476481523,0.03999897715293548,0.06938985783577313,[Maize].Cob.DMDemands.Structural.DMDemandFunction.MaximumOrganWt.FixedValue,Yield,fast,0.01845177452781177,2003
0.030189241978710427,0.08479619870729271,0.038093229916502935,0.05960344738511279,[Maize].Grain.MaximumGrainsPerCob.FixedValue,Yield,fast,0.05460695672858229,2003
6.757276545761158e-05,0.008495584695209168,0.03836827132798703,0.05388932049211014,[Maize].Root.SpecificRootLength.FixedValue,Yield,fast,0.008428011929751556,2003
9.983719908844991e-05,0.010290371056955405,0.030629148331736196,0.06354851258671547,[Maize].Phenology.Maturing.Target.FixedValue,Yield,fast,0.010190533857866956,2003
0.08370978863014233,0.2998517219166037,0.03557225530596759,0.0646166999249943,[Maize].Leaf.Photosynthesis.RUE.FixedValue,Yield,fast,0.21614193328646136,2003
0.0069552079906899135,0.04891439447535573,0.03741066322274184,0.06367182908561685,[Maize].Grain.MaximumPotentialGrainSize.FixedValue,Yield,fast,0.04195918648466582,2003
0.002550036499191684,0.015404600056047935,0.0359969237457299,0.06791557065917928,[Maize].Grain.MaximumNConc.InitialPhase.InitialNconc.FixedValue,Yield,fast,0.012854563556856251,2003
0.0003202157462082702,0.008121138461470778,0.03180259228373685,0.0611528378621176,[Maize].Phenology.MaturityToHarvestRipe.Target.FixedValue,Yield,fast,0.007800922715262508,2003
0.5844840328539147,0.8781594044619174,0.03272419491695502,0.06401026908781003,[Maize].Phenology.Juvenile.Target.FixedValue,AGB,fast,0.2936753716080027,2003
0.007722395882873939,0.027594884414548937,0.035311682003523484,0.052413402793343694,[Maize].Phenology.FlagLeafToFlowering.Target.FixedValue,AGB,fast,0.019872488531674996,2003
0.0005271342330465898,0.024097718594232265,0.03713965045530641,0.059531101519782685,[Maize].Phenology.FloweringToGrainFilling.Target.FixedValue,AGB,fast,0.023570584361185674,2003
0.018993498733350406,0.07977529073941092,0.027873783809600466,0.06050527368419397,[Maize].Phenology.GrainFilling.Target.FixedValue,AGB,fast,0.060781792006060514,2003
0.002943926510279565,0.017313990727970685,0.03276431031949271,0.05703441933530156,[Maize].Cob.DMDemands.Structural.DMDemandFunction.MaximumOrganWt.FixedValue,AGB,fast,0.01437006421769112,2003
0.010809620902719152,0.058050457994737736,0.031893940177618894,0.05746111780308728,[Maize].Grain.MaximumGrainsPerCob.FixedValue,AGB,fast,0.04724083709201858,2003
0.00014863928808872196,0.005891378191483887,0.028487075165494622,0.05944247868869652,[Maize].Root.SpecificRootLength.FixedValue,AGB,fast,0.005742738903395165,2003
5.158312267062638e-05,0.008935284668106558,0.030582285593057302,0.05885773564870683,[Maize].Phenology.Maturing.Target.FixedValue,AGB,fast,0.008883701545435932,2003
0.011562970648912534,0.35735764649141155,0.03312198848360848,0.06510526814625828,[Maize].Leaf.Photosynthesis.RUE.FixedValue,AGB,fast,0.345794675842499,2003
0.01806885322881324,0.07648656555049704,0.036287409158230505,0.05635533429475332,[Maize].Grain.MaximumPotentialGrainSize.FixedValue,AGB,fast,0.0584177123216838,2003
0.0019794506727390387,0.019929013796321282,0.036618259681340026,0.06123257161043791,[Maize].Grain.MaximumNConc.InitialPhase.InitialNconc.FixedValue,AGB,fast,0.017949563123582243,2003
0.0007267051789141946,0.013304746934763134,0.035918025764503814,0.05455633113748397,[Maize].Phenology.MaturityToHarvestRipe.Target.FixedValue,AGB,fast,0.012578041755848939,2003
0.2700208876218984,0.757557656811933,0.033144906391517265,0.05316716802459292,[Maize].Phenology.Juvenile.Target.FixedValue,TopN2O,fast,0.4875367691900346,2003
7.999143468484518e-06,0.0010741921448967906,0.034755746124023185,0.05903965160408713,[Maize].Phenology.FlagLeafToFlowering.Target.FixedValue,TopN2O,fast,0.001066193001428306,2003
0.0003286221412418182,0.0015683671978433678,0.030596980003191252,0.06384488221206125,[Maize].Phenology.FloweringToGrainFilling.Target.FixedValue,TopN2O,fast,0.0012397450566015496,2003
0.009272577092548053,0.015590185963006875,0.03250877987377525,0.05282402565517301,[Maize].Phenology.GrainFilling.Target.FixedValue,TopN2O,fast,0.006317608870458822,2003
0.00019230943022888335,0.0013033301597822344,0.033021940029963275,0.058569394379949895,[Maize].Cob.DMDemands.Structural.DMDemandFunction.MaximumOrganWt.FixedValue,TopN2O,fast,0.001111020729553351,2003
0.003628386958130219,0.00622810050494349,0.03589489869445572,0.06584363443174567,[Maize].Grain.MaximumGrainsPerCob.FixedValue,TopN2O,fast,0.002599713546813271,2003
5.801506704042903e-06,0.0004509282335362075,0.030678446768192067,0.05382655941712336,[Maize].Root.SpecificRootLength.FixedValue,TopN2O,fast,0.00044512672683216456,2003
3.702524345519516e-05,0.0006475581852245504,0.03213100219113324,0.062007655316582026,[Maize].Phenology.Maturing.Target.FixedValue,TopN2O,fast,0.0006105329417693553,2003
0.1862441877701092,0.640764733998284,0.029715055898322285,0.05620305042736892,[Maize].Leaf.Photosynthesis.RUE.FixedValue,TopN2O,fast,0.45452054622817484,2003
0.06347734138565693,0.11833698086818589,0.029781283442552525,0.05888280879391991,[Maize].Grain.MaximumPotentialGrainSize.FixedValue,TopN2O,fast,0.05485963948252896,2003
0.0001519813924844535,0.0015096736084828644,0.02897661404195967,0.06293789656775037,[Maize].Grain.MaximumNConc.InitialPhase.InitialNconc.FixedValue,TopN2O,fast,0.0013576922159984108,2003
0.00019043695006474328,0.003203504718230832,0.03298402826121417,0.05514438120916161,[Maize].Phenology.MaturityToHarvestRipe.Target.FixedValue,TopN2O,fast,0.0030130677681660884,2003
0.25620173380021416,0.5055047086509719,0.03177602863616818,0.05891382257654763,[Maize].Phenology.Juvenile.Target.FixedValue,soc0_10cm,fast,0.2493029748507577,2003
0.04873948181535334,0.06762584463439947,0.04042442922258663,0.06692024969358587,[Maize].Phenology.FlagLeafToFlowering.Target.FixedValue,soc0_10cm,fast,0.018886362819046126,2003
0.013384401506751114,0.031112164491268413,0.03742572160265939,0.0708811668942078,[Maize].Phenology.FloweringToGrainFilling.Target.FixedValue,soc0_10cm,fast,0.0177277629845173,2003
0.01909881618146284,0.06082584326252205,0.036039202644575836,0.062002054323740674,[Maize].Phenology.GrainFilling.Target.FixedValue,soc0_10cm,fast,0.041727027081059215,2003
0.006941603132196955,0.011879203069403377,0.03691279164100332,0.06291371188469395,[Maize].Cob.DMDemands.Structural.DMDemandFunction.MaximumOrganWt.FixedValue,soc0_10cm,fast,0.004937599937206422,2003
0.20311859161141066,0.24199699333956437,0.03374293470600397,0.051063710372127494,[Maize].Grain.MaximumGrainsPerCob.FixedValue,soc0_10cm,fast,0.03887840172815371,2003
1.679932422022807e-05,0.0023928399386409227,0.030773920751523867,0.06288170522093334,[Maize].Root.SpecificRootLength.FixedValue,soc0_10cm,fast,0.0023760406144206947,2003
1.5224791912797945e-05,0.0022854876102889055,0.034121246506205995,0.05672634457925954,[Maize].Phenology.Maturing.Target.FixedValue,soc0_10cm,fast,0.0022702628183761077,2003
0.022072174245830446,0.15257089551718572,0.033481795999055215,0.06008157417382499,[Maize].Leaf.Photosynthesis.RUE.FixedValue,soc0_10cm,fast,0.13049872127135528,2003
0.1637860408382245,0.1944934640265774,0.03523426131100036,0.06321798303184181,[Maize].Grain.MaximumPotentialGrainSize.FixedValue,soc0_10cm,fast,0.0307074231883529,2003
0.000606785797208004,0.006223324542666386,0.03356220481837163,0.07021176067382985,[Maize].Grain.MaximumNConc.InitialPhase.InitialNconc.FixedValue,soc0_10cm,fast,0.0056165387454583824,2003
3.224205788331808e-05,0.0036779600264400525,0.034199717890182786,0.06202462751706575,[Maize].Phenology.MaturityToHarvestRipe.Target.FixedValue,soc0_10cm,fast,0.0036457179685567345,2003
0.06734081098414348,0.648273580312845,0.032156834942968504,0.062480550269389264,[Maize].Phenology.Juvenile.Target.FixedValue,Top_respiration,fast,0.5809327693287015,2003
0.003651788889553429,0.00465967568791259,0.03416640488733669,0.05193635794980391,[Maize].Phenology.FlagLeafToFlowering.Target.FixedValue,Top_respiration,fast,0.0010078867983591608,2003
0.001212255241211727,0.002531564522787355,0.0279797668336212,0.06458596395257642,[Maize].Phenology.FloweringToGrainFilling.Target.FixedValue,Top_respiration,fast,0.0013193092815756281,2003
0.0020600317468096466,0.005158821350088494,0.0298752308132528,0.06243386765668648,[Maize].Phenology.GrainFilling.Target.FixedValue,Top_respiration,fast,0.0030987896032788472,2003
0.0004879311542600789,0.0014727585497624762,0.029216309755503718,0.061551847483044216,[Maize].Cob.DMDemands.Structural.DMDemandFunction.MaximumOrganWt.FixedValue,Top_respiration,fast,0.0009848273955023973,2003
0.01403435073962392,0.01853471508340032,0.036854706333094296,0.061519026033442746,[Maize].Grain.MaximumGrainsPerCob.FixedValue,Top_respiration,fast,0.004500364343776401,2003
8.122606061718338e-06,0.0006586480496761915,0.03534793738794404,0.06911361992854642,[Maize].Root.SpecificRootLength.FixedValue,Top_respiration,fast,0.0006505254436144732,2003
1.9401514995059882e-05,0.000881780956457745,0.033450828141469886,0.0631140659965901,[Maize].Phenology.Maturing.Target.FixedValue,Top_respiration,fast,0.0008623794414626851,2003
0.335511987598332,0.850130615108599,0.038136491823048124,0.06606031469106316,[Maize].Leaf.Photosynthesis.RUE.FixedValue,Top_respiration,fast,0.514618627510267,2003
0.06340015545249376,0.08829600223357414,0.03631475030606382,0.06723753995857826,[Maize].Grain.MaximumPotentialGrainSize.FixedValue,Top_respiration,fast,0.02489584678108038,2003
0.00024358697902617844,0.002059350466981247,0.03134155610505783,0.05927677821883933,[Maize].Grain.MaximumNConc.InitialPhase.InitialNconc.FixedValue,Top_respiration,fast,0.0018157634879550685,2003
0.0001259524087519566,0.0042616561569917,0.02943975594824012,0.06485840548279338,[Maize].Phenology.MaturityToHarvestRipe.Target.FixedValue,Top_respiration,fast,0.004135703748239744,2003
0.12834223154056618,0.4975576702462694,0.033311514887039435,0.06185975488149093,[Maize].Phenology.Juvenile.Target.FixedValue,Yield,fast,0.3692154387057032,2004
0.013230710176074788,0.021775103459242495,0.030469686445683215,0.060812477977916196,[Maize].Phenology.FlagLeafToFlowering.Target.FixedValue,Yield,fast,0.008544393283167707,2004
0.024215501506362085,0.04010067578281307,0.037478435066561074,0.06063705197278262,[Maize].Phenology.FloweringToGrainFilling.Target.FixedValue,Yield,fast,0.015885174276450982,2004
0.011895263213085306,0.04254845804861307,0.029315040054320694,0.053394605187571734,[Maize].Phenology.GrainFilling.Target.FixedValue,Yield,fast,0.030653194835527763,2004
0.0003177470385810062,0.003660115663038921,0.03668068069897502,0.048144437071542125,[Maize].Cob.DMDemands.Structural.DMDemandFunction.MaximumOrganWt.FixedValue,Yield,fast,0.0033423686244579147,2004
0.08946740770549638,0.1487645614929597,0.031384809613356705,0.07219923331474681,[Maize].Grain.MaximumGrainsPerCob.FixedValue,Yield,fast,0.05929715378746331,2004
0.0001271947777947368,0.002737919460658045,0.03270778591567331,0.06435416988965324,[Maize].Root.SpecificRootLength.FixedValue,Yield,fast,0.002610724682863308,2004
7.024435811777603e-05,0.003047640645121419,0.036798370106489,0.06144510804326825,[Maize].Phenology.Maturing.Target.FixedValue,Yield,fast,0.002977396287003643,2004
0.23080802714164284,0.4633953107181752,0.03210910044716464,0.054303211770559655,[Maize].Leaf.Photosynthesis.RUE.FixedValue,Yield,fast,0.23258728357653236,2004
0.089548314205042,0.14627989306891553,0.04078770627224167,0.05888054167491383,[Maize].Grain.MaximumPotentialGrainSize.FixedValue,Yield,fast,0.05673157886387353,2004
0.003375784427591357,0.012285133200873988,0.03181710772653309,0.060064020894071896,[Maize].Grain.MaximumNConc.InitialPhase.InitialNconc.FixedValue,Yield,fast,0.00890934877328263,2004
5.1394035994201695e-05,0.004415058212415612,0.04223647290443192,0.06172167430667646,[Maize].Phenology.MaturityToHarvestRipe.Target.FixedValue,Yield,fast,0.004363664176421411,2004
0.21459624594851479,0.5376220550033849,0.03351196539520494,0.05631696392564363,[Maize].Phenology.Juvenile.Target.FixedValue,AGB,fast,0.3230258090548701,2004
0.01012058261406347,0.01775941046428231,0.03174520294161122,0.0597722474970647,[Maize].Phenology.FlagLeafToFlowering.Target.FixedValue,AGB,fast,0.007638827850218841,2004
0.00069929176349808,0.015243214666043947,0.036518341877779234,0.06392427679306788,[Maize].Phenology.FloweringToGrainFilling.Target.FixedValue,AGB,fast,0.014543922902545867,2004
0.00705385262465982,0.03641572738625687,0.0342285120827835,0.0643277753793309,[Maize].Phenology.GrainFilling.Target.FixedValue,AGB,fast,0.02936187476159705,2004
0.002123332027824446,0.006370286469781661,0.02774785220189771,0.057989312287879936,[Maize].Cob.DMDemands.Structural.DMDemandFunction.MaximumOrganWt.FixedValue,AGB,fast,0.004246954441957215,2004
0.0036676585874245325,0.0466026432668919,0.03410236582202208,0.058136866235772244,[Maize].Grain.MaximumGrainsPerCob.FixedValue,AGB,fast,0.04293498467946737,2004
2.203584298317881e-05,0.0016530239697721827,0.031078901041193853,0.06116529232624676,[Maize].Root.SpecificRootLength.FixedValue,AGB,fast,0.0016309881267890039,2004
5.067085999261114e-06,0.0015827717833277744,0.03423329833659136,0.0584364341604278,[Maize].Phenology.Maturing.Target.FixedValue,AGB,fast,0.0015777046973285132,2004
0.2504082913387312,0.6227475535383296,0.03704940774764026,0.05753921371893754,[Maize].Leaf.Photosynthesis.RUE.FixedValue,AGB,fast,0.37233926219959834,2004
0.033366821882553646,0.17537449260186022,0.03272197304861666,0.061749541483037525,[Maize].Grain.MaximumPotentialGrainSize.FixedValue,AGB,fast,0.1420076707193066,2004
0.001555575265515681,0.006170492684665407,0.031828266862451604,0.06355854258704333,[Maize].Grain.MaximumNConc.InitialPhase.InitialNconc.FixedValue,AGB,fast,0.004614917419149727,2004
2.99277310748336e-05,0.0029309599302550504,0.03121214339106076,0.06025711993096763,[Maize].Phenology.MaturityToHarvestRipe.Target.FixedValue,AGB,fast,0.002901032199180217,2004
0.0953476107999665,0.7658355325531445,0.03102733335440425,0.04182567742575213,[Maize].Phenology.Juvenile.Target.FixedValue,TopN2O,fast,0.6704879217531781,2004
3.725965387969814e-05,0.001449615726668796,0.04284343507778934,0.05774799913232454,[Maize].Phenology.FlagLeafToFlowering.Target.FixedValue,TopN2O,fast,0.0014123560727890977,2004
7.627455820976302e-05,0.0015224130546314107,0.0319680024385209,0.057114311270449386,[Maize].Phenology.FloweringToGrainFilling.Target.FixedValue,TopN2O,fast,0.0014461384964216477,2004
1.1193506925643258e-05,0.0018682641192919736,0.031132440491709084,0.055467977450528144,[Maize].Phenology.GrainFilling.Target.FixedValue,TopN2O,fast,0.0018570706123663303,2004
0.00012845218691740314,0.0025876435096855444,0.028074547087949816,0.05528615667828485,[Maize].Cob.DMDemands.Structural.DMDemandFunction.MaximumOrganWt.FixedValue,TopN2O,fast,0.002459191322768141,2004
1.3543051698889245e-05,0.0017843803557674454,0.041721932046147686,0.06091844024187708,[Maize].Grain.MaximumGrainsPerCob.FixedValue,TopN2O,fast,0.001770837304068556,2004
7.771262723042986e-06,0.0014784779767970102,0.04047194117926624,0.05815767494440595,[Maize].Root.SpecificRootLength.FixedValue,TopN2O,fast,0.0014707067140739673,2004
6.432863354843165e-06,0.0013080594521972522,0.031302391485252976,0.05502181590124812,[Maize].Phenology.Maturing.Target.FixedValue,TopN2O,fast,0.001301626588842409,2004
0.14640749215600302,0.9054888147281516,0.024667134428374156,0.04937612942428516,[Maize].Leaf.Photosynthesis.RUE.FixedValue,TopN2O,fast,0.7590813225721486,2004
0.009626937943793946,0.06886822668847992,0.0319318131265707,0.0608792483904958,[Maize].Grain.MaximumPotentialGrainSize.FixedValue,TopN2O,fast,0.05924128874468597,2004
0.00013059044866021213,0.010350962545644604,0.0322673435371483,0.05849375049505117,[Maize].Grain.MaximumNConc.InitialPhase.InitialNconc.FixedValue,TopN2O,fast,0.010220372096984393,2004
0.00015506036691020683,0.01593539251456144,0.03412543177270505,0.057996959746356914,[Maize].Phenology.MaturityToHarvestRipe.Target.FixedValue,TopN2O,fast,0.015780332147651236,2004
0.2954730312863278,0.5297113119862693,0.026055719011976262,0.06215621527427865,[Maize].Phenology.Juvenile.Target.FixedValue,soc0_10cm,fast,0.23423828069994151,2004
0.06400821457600171,0.085071448666721,0.03328938487446968,0.06251003311301588,[Maize].Phenology.FlagLeafToFlowering.Target.FixedValue,soc0_10cm,fast,0.021063234090719293,2004
0.01642531611120774,0.03581037059434977,0.035544708931271665,0.05701916630096937,[Maize].Phenology.FloweringToGrainFilling.Target.FixedValue,soc0_10cm,fast,0.019385054483142032,2004
0.028100732122092163,0.08481964722583779,0.033822580917680416,0.06671320093597546,[Maize].Phenology.GrainFilling.Target.FixedValue,soc0_10cm,fast,0.05671891510374563,2004
0.007831413213054661,0.01340625717539512,0.03409209075555175,0.0579912671487607,[Maize].Cob.DMDemands.Structural.DMDemandFunction.MaximumOrganWt.FixedValue,soc0_10cm,fast,0.0055748439623404585,2004
0.27134058368079184,0.32231373126459983,0.03621864898008341,0.06070472989892313,[Maize].Grain.MaximumGrainsPerCob.FixedValue,soc0_10cm,fast,0.050973147583808,2004
4.034038901999767e-05,0.003418488947751097,0.0406540828469683,0.05863814699980431,[Maize].Root.SpecificRootLength.FixedValue,soc0_10cm,fast,0.0033781485587310997,2004
4.780959697572639e-05,0.003976973330142464,0.033795875935353575,0.06722491972859962,[Maize].Phenology.Maturing.Target.FixedValue,soc0_10cm,fast,0.003929163733166738,2004
0.0564190000681614,0.1620139180109358,0.03736860198949688,0.051875527707705794,[Maize].Leaf.Photosynthesis.RUE.FixedValue,soc0_10cm,fast,0.1055949179427744,2004
0.14961308204425902,0.17997286121441547,0.03522374060367203,0.05013609842279879,[Maize].Grain.MaximumPotentialGrainSize.FixedValue,soc0_10cm,fast,0.030359779170156448,2004
0.0008396911846812392,0.0060971609118136705,0.03598852902392885,0.06502413676385463,[Maize].Grain.MaximumNConc.InitialPhase.InitialNconc.FixedValue,soc0_10cm,fast,0.005257469727132431,2004
3.384524940198657e-05,0.003176281839241235,0.03468390917531719,0.049558868859157605,[Maize].Phenology.MaturityToHarvestRipe.Target.FixedValue,soc0_10cm,fast,0.0031424365898392484,2004
0.1349711940615915,0.5703682086437287,0.031732346941544164,0.05973905030742201,[Maize].Phenology.Juvenile.Target.FixedValue,Top_respiration,fast,0.4353970145821372,2004
0.023509734537047754,0.029576876198154634,0.02980837482364971,0.04958145870894121,[Maize].Phenology.FlagLeafToFlowering.Target.FixedValue,Top_respiration,fast,0.006067141661106879,2004
0.009404306959125723,0.01952565655806393,0.03378460116618426,0.057996263219892485,[Maize].Phenology.FloweringToGrainFilling.Target.FixedValue,Top_respiration,fast,0.010121349598938208,2004
0.004729482057420022,0.020847791918983893,0.03500934821014389,0.059160705796620146,[Maize].Phenology.GrainFilling.Target.FixedValue,Top_respiration,fast,0.016118309861563873,2004
0.003053714282178272,0.006043495722139136,0.03525793637240732,0.05736936845106504,[Maize].Cob.DMDemands.Structural.DMDemandFunction.MaximumOrganWt.FixedValue,Top_respiration,fast,0.002989781439960864,2004
0.07556365211993159,0.09418239764451863,0.03759894618305793,0.06022931903665073,[Maize].Grain.MaximumGrainsPerCob.FixedValue,Top_respiration,fast,0.018618745524587046,2004
5.597034945792241e-05,0.002729825540261799,0.03271723586458414,0.06224367373686964,[Maize].Root.SpecificRootLength.FixedValue,Top_respiration,fast,0.0026738551908038763,2004
0.00011934509123467341,0.002832449994791486,0.03460749374721338,0.05701676252128704,[Maize].Phenology.Maturing.Target.FixedValue,Top_respiration,fast,0.0027131049035568127,2004
0.2321683991274195,0.5060716657258225,0.03434775429934256,0.06348201692184365,[Maize].Leaf.Photosynthesis.RUE.FixedValue,Top_respiration,fast,0.27390326659840303,2004
0.1781632891311142,0.24135082882050407,0.03631159591572118,0.06358704290525184,[Maize].Grain.MaximumPotentialGrainSize.FixedValue,Top_respiration,fast,0.06318753968938987,2004
0.0007474975579598167,0.008278062753800053,0.03215803563329333,0.05378558675726861,[Maize].Grain.MaximumNConc.InitialPhase.InitialNconc.FixedValue,Top_respiration,fast,0.007530565195840236,2004
0.0002601829156938478,0.010875425978681075,0.031646855322053045,0.06321059058406288,[Maize].Phenology.MaturityToHarvestRipe.Target.FixedValue,Top_respiration,fast,0.010615243062987226,2004
0.28672132857786725,0.8046506920307791,0.03815492114554303,0.057429978593996345,[Maize].Phenology.Juvenile.Target.FixedValue,Yield,fast,0.5179293634529119,2005
0.017974566076760547,0.02676322639894002,0.03500262330359379,0.05783477800327507,[Maize].Phenology.FlagLeafToFlowering.Target.FixedValue,Yield,fast,0.008788660322179474,2005
0.025091413272984132,0.04291142052502739,0.03225974045528185,0.058403514140132895,[Maize].Phenology.FloweringToGrainFilling.Target.FixedValue,Yield,fast,0.017820007252043257,2005
0.006966247486854349,0.016726012208458374,0.03572695244428989,0.06358582971823587,[Maize].Phenology.GrainFilling.Target.FixedValue,Yield,fast,0.009759764721604025,2005
0.0002762181453990883,0.0038568475013464054,0.03738129424383302,0.058099061314230496,[Maize].Cob.DMDemands.Structural.DMDemandFunction.MaximumOrganWt.FixedValue,Yield,fast,0.0035806293559473173,2005
0.04196333283560551,0.06335024575129422,0.03667556890730277,0.05547364108117266,[Maize].Grain.MaximumGrainsPerCob.FixedValue,Yield,fast,0.021386912915688713,2005
0.00012205326765568428,0.0051054649318248435,0.02888295762136453,0.06220681523339556,[Maize].Root.SpecificRootLength.FixedValue,Yield,fast,0.004983411664169159,2005
5.671744562427558e-05,0.004968067633137174,0.02821182690789004,0.06183744296658214,[Maize].Phenology.Maturing.Target.FixedValue,Yield,fast,0.0049113501875128985,2005
0.15727132522893075,0.43264843096148975,0.03450963888713421,0.06408620431341087,[Maize].Leaf.Photosynthesis.RUE.FixedValue,Yield,fast,0.275377105732559,2005
0.03164787617327725,0.06045048887658677,0.03402003413890165,0.06544606377175197,[Maize].Grain.MaximumPotentialGrainSize.FixedValue,Yield,fast,0.02880261270330952,2005
0.003578779740807401,0.011097956236535755,0.0355342719033245,0.05882862661996789,[Maize].Grain.MaximumNConc.InitialPhase.InitialNconc.FixedValue,Yield,fast,0.007519176495728355,2005
1.3642252660192116e-05,0.0032444682791383794,0.03137816774098874,0.06272594623544898,[Maize].Phenology.MaturityToHarvestRipe.Target.FixedValue,Yield,fast,0.0032308260264781873,2005
0.08501828001854096,0.7406827800973685,0.03306963919683294,0.0654298928230254,[Maize].Phenology.Juvenile.Target.FixedValue,AGB,fast,0.6556645000788276,2005
0.0001291531654209091,0.005922156155008462,0.04215927366106616,0.06301054067882822,[Maize].Phenology.FlagLeafToFlowering.Target.FixedValue,AGB,fast,0.005793002989587553,2005
0.0029425273080972624,0.02186745686913405,0.03097870240678197,0.059496404857306145,[Maize].Phenology.FloweringToGrainFilling.Target.FixedValue,AGB,fast,0.018924929561036787,2005
0.006580249597644412,0.019106037951484467,0.032142317035119626,0.06647901161186953,[Maize].Phenology.GrainFilling.Target.FixedValue,AGB,fast,0.012525788353840054,2005
0.002359650029809137,0.008045585460227267,0.030006951193431313,0.059468588468362775,[Maize].Cob.DMDemands.Structural.DMDemandFunction.MaximumOrganWt.FixedValue,AGB,fast,0.0056859354304181296,2005
0.0014197343210076497,0.015406669321670563,0.040342350410943466,0.06239764398243555,[Maize].Grain.MaximumGrainsPerCob.FixedValue,AGB,fast,0.013986935000662913,2005
6.66354992000378e-05,0.0039826410945350554,0.03368522990742247,0.06266041209884453,[Maize].Root.SpecificRootLength.FixedValue,AGB,fast,0.003916005595335018,2005
6.6205078316971e-05,0.003865830802195047,0.03457382323614237,0.05115746948002303,[Maize].Phenology.Maturing.Target.FixedValue,AGB,fast,0.003799625723878076,2005
0.20009161480244828,0.7316805898172549,0.03896117375913786,0.06645164493123218,[Maize].Leaf.Photosynthesis.RUE.FixedValue,AGB,fast,0.5315889750148066,2005
0.001561120501334174,0.05589039881501867,0.029162154210199676,0.0678991020498042,[Maize].Grain.MaximumPotentialGrainSize.FixedValue,AGB,fast,0.0543292783136845,2005
0.0030259427691565954,0.008162861888244777,0.0398482759376119,0.06144848281890168,[Maize].Grain.MaximumNConc.InitialPhase.InitialNconc.FixedValue,AGB,fast,0.005136919119088181,2005
3.6681259585611514e-05,0.003581970976397786,0.03367208101430896,0.05633350884208644,[Maize].Phenology.MaturityToHarvestRipe.Target.FixedValue,AGB,fast,0.0035452897168121744,2005
0.23584019851252286,0.7199996052452475,0.03357199524012139,0.049603119384389556,[Maize].Phenology.Juvenile.Target.FixedValue,TopN2O,fast,0.4841594067327247,2005
0.00011396237437782986,0.012129585913086993,0.03014551312998844,0.055222734014578466,[Maize].Phenology.FlagLeafToFlowering.Target.FixedValue,TopN2O,fast,0.012015623538709164,2005
0.00020424361893789362,0.013185085528983898,0.034578860372956786,0.056408209044977474,[Maize].Phenology.FloweringToGrainFilling.Target.FixedValue,TopN2O,fast,0.012980841910046004,2005
0.00012310435449085357,0.013689080622653726,0.03256329684033304,0.058388885469131895,[Maize].Phenology.GrainFilling.Target.FixedValue,TopN2O,fast,0.013565976268162873,2005
8.326261467586467e-05,0.010004544537637772,0.03394534431779271,0.05145336749911563,[Maize].Cob.DMDemands.Structural.DMDemandFunction.MaximumOrganWt.FixedValue,TopN2O,fast,0.009921281922961907,2005
7.716632543209551e-05,0.011007385298975825,0.034393574154391024,0.05767358755411619,[Maize].Grain.MaximumGrainsPerCob.FixedValue,TopN2O,fast,0.010930218973543728,2005
9.647499442417137e-05,0.013123535573466683,0.027683139512502838,0.06714158558063775,[Maize].Root.SpecificRootLength.FixedValue,TopN2O,fast,0.013027060579042512,2005
6.456312429783079e-05,0.01203256776201822,0.0326244354668979,0.0585663003882105,[Maize].Phenology.Maturing.Target.FixedValue,TopN2O,fast,0.01196800463772039,2005
0.1992233597816448,0.8282037968632057,0.0330888857430168,0.06011890448189555,[Maize].Leaf.Photosynthesis.RUE.FixedValue,TopN2O,fast,0.6289804370815608,2005
0.0009002301671154266,0.0475633198491775,0.03025457661508668,0.07094536744017726,[Maize].Grain.MaximumPotentialGrainSize.FixedValue,TopN2O,fast,0.04666308968206207,2005
9.237340751080836e-05,0.006697174720765586,0.03270529784907661,0.06358955072671574,[Maize].Grain.MaximumNConc.InitialPhase.InitialNconc.FixedValue,TopN2O,fast,0.006604801313254778,2005
0.0001390753044968777,0.01766377244183326,0.030145280417004153,0.05562281255438462,[Maize].Phenology.MaturityToHarvestRipe.Target.FixedValue,TopN2O,fast,0.01752469713733638,2005
0.42400233293848866,0.5827928900163144,0.041092311362297615,0.059545183688240445,[Maize].Phenology.Juvenile.Target.FixedValue,soc0_10cm,fast,0.15879055707782574,2005
0.06028598172459212,0.0838254935847278,0.035689831216088874,0.06469592023755806,[Maize].Phenology.FlagLeafToFlowering.Target.FixedValue,soc0_10cm,fast,0.023539511860135677,2005
0.015029854782636552,0.03426286055270844,0.03841258466633772,0.057601360490585375,[Maize].Phenology.FloweringToGrainFilling.Target.FixedValue,soc0_10cm,fast,0.01923300577007189,2005
0.023558856619429913,0.08622304252879665,0.03678312798150998,0.0569160497426879,[Maize].Phenology.GrainFilling.Target.FixedValue,soc0_10cm,fast,0.06266418590936673,2005
0.007005678480468309,0.012019659258917681,0.033937502284131386,0.06035032800987901,[Maize].Cob.DMDemands.Structural.DMDemandFunction.MaximumOrganWt.FixedValue,soc0_10cm,fast,0.005013980778449372,2005
0.22838223572950106,0.2688554812857864,0.0373773144675461,0.061254089009599166,[Maize].Grain.MaximumGrainsPerCob.FixedValue,soc0_10cm,fast,0.04047324555628534,2005
4.774895235325982e-05,0.0027464353092736538,0.03660493160645224,0.06383699085191796,[Maize].Root.SpecificRootLength.FixedValue,soc0_10cm,fast,0.002698686356920394,2005
2.7412533018031786e-05,0.003331201434103148,0.03512471502494036,0.06279714824284349,[Maize].Phenology.Maturing.Target.FixedValue,soc0_10cm,fast,0.0033037889010851165,2005
0.028780470372323994,0.09361445069553809,0.033468089316021396,0.06543772426088502,[Maize].Leaf.Photosynthesis.RUE.FixedValue,soc0_10cm,fast,0.0648339803232141,2005
0.14586199088139398,0.17200800690350737,0.028168953107976905,0.06254897599827931,[Maize].Grain.MaximumPotentialGrainSize.FixedValue,soc0_10cm,fast,0.02614601602211339,2005
0.000511512737155072,0.004336666494924479,0.03645440079645722,0.053978756246756625,[Maize].Grain.MaximumNConc.InitialPhase.InitialNconc.FixedValue,soc0_10cm,fast,0.0038251537577694075,2005
1.918401664851386e-05,0.0028505590053257146,0.029398650215589395,0.07120389925768339,[Maize].Phenology.MaturityToHarvestRipe.Target.FixedValue,soc0_10cm,fast,0.0028313749886772007,2005
0.25276162320701345,0.7764400266975401,0.03308965878971936,0.06616172577334904,[Maize].Phenology.Juvenile.Target.FixedValue,Top_respiration,fast,0.5236784034905266,2005
0.011025199276730025,0.015716407178539615,0.03593477784695663,0.059601086954750804,[Maize].Phenology.FlagLeafToFlowering.Target.FixedValue,Top_respiration,fast,0.00469120790180959,2005
0.0020851680098561433,0.008176418070676816,0.03476224797321725,0.0604152395811485,[Maize].Phenology.FloweringToGrainFilling.Target.FixedValue,Top_respiration,fast,0.006091250060820673,2005
0.006179631128797597,0.021392878509861823,0.03568379458246542,0.056332263490376455,[Maize].Phenology.GrainFilling.Target.FixedValue,Top_respiration,fast,0.015213247381064226,2005
0.0019434557545941929,0.006225978804931587,0.03178086588976909,0.0635736459457395,[Maize].Cob.DMDemands.Structural.DMDemandFunction.MaximumOrganWt.FixedValue,Top_respiration,fast,0.004282523050337394,2005
0.031195685422947646,0.040434963998246976,0.03474601232959541,0.06583416711007589,[Maize].Grain.MaximumGrainsPerCob.FixedValue,Top_respiration,fast,0.009239278575299329,2005
5.1579978379990273e-05,0.002785135847300224,0.03676481371715935,0.06565412259484343,[Maize].Root.SpecificRootLength.FixedValue,Top_respiration,fast,0.002733555868920234,2005
3.390404800154655e-05,0.002884290395849032,0.030243302730383524,0.06517383622435424,[Maize].Phenology.Maturing.Target.FixedValue,Top_respiration,fast,0.002850386347847485,2005
0.13950236564586802,0.5717520027819918,0.037894302720534324,0.05692931277071278,[Maize].Leaf.Photosynthesis.RUE.FixedValue,Top_respiration,fast,0.43224963713612374,2005
0.14662050854860054,0.17269341825402207,0.02953377622783437,0.06400821237021083,[Maize].Grain.MaximumPotentialGrainSize.FixedValue,Top_respiration,fast,0.026072909705421532,2005
0.00023983792810134912,0.004086866796511934,0.030391356274832082,0.055229870611697554,[Maize].Grain.MaximumNConc.InitialPhase.InitialNconc.FixedValue,Top_respiration,fast,0.0038470288684105854,2005
0.00012406708128290576,0.004088294173953955,0.031417896526141104,0.060693232315054066,[Maize].Phenology.MaturityToHarvestRipe.Target.FixedValue,Top_respiration,fast,0.003964227092671049,2005
0.7469134752984026,0.9270412392720417,0.03776722345511156,0.054200805366312436,[Maize].Phenology.Juvenile.Target.FixedValue,Yield,fast,0.18012776397363917,2006
0.028320014523393215,0.06427747140437912,0.036528344729952505,0.05412961727481514,[Maize].Phenology.FlagLeafToFlowering.Target.FixedValue,Yield,fast,0.0359574568809859,2006
0.043930433570744144,0.1255990117439304,0.03728041254673499,0.05819042364117709,[Maize].Phenology.FloweringToGrainFilling.Target.FixedValue,Yield,fast,0.08166857817318626,2006
0.006907846706638361,0.058857045039065414,0.030937413948859998,0.05782569456022278,[Maize].Phenology.GrainFilling.Target.FixedValue,Yield,fast,0.05194919833242705,2006
0.0004539212585254449,0.0270996078157959,0.037300148026925765,0.07106264275251303,[Maize].Cob.DMDemands.Structural.DMDemandFunction.MaximumOrganWt.FixedValue,Yield,fast,0.026645686557270457,2006
0.05545307531593725,0.1295989208316266,0.037366093695161286,0.06075140445574197,[Maize].Grain.MaximumGrainsPerCob.FixedValue,Yield,fast,0.07414584551568935,2006
0.0001605722202118059,0.034409107493428515,0.032111740970133036,0.06816029217813512,[Maize].Root.SpecificRootLength.FixedValue,Yield,fast,0.03424853527321671,2006
0.00037367030305966687,0.03348043559564784,0.03437577754405462,0.06661647608551628,[Maize].Phenology.Maturing.Target.FixedValue,Yield,fast,0.03310676529258817,2006
0.08630708448767209,0.26366713463035274,0.03542838574095229,0.05258584133185602,[Maize].Leaf.Photosynthesis.RUE.FixedValue,Yield,fast,0.17736005014268064,2006
0.0018951304707561327,0.06857344961021439,0.03248876227917978,0.06600033595477063,[Maize].Grain.MaximumPotentialGrainSize.FixedValue,Yield,fast,0.06667831913945825,2006
0.00033738445797354167,0.009698959232668392,0.03534193935868872,0.060097294704781215,[Maize].Grain.MaximumNConc.InitialPhase.InitialNconc.FixedValue,Yield,fast,0.00936157477469485,2006
0.0002402020128404438,0.009449130726730148,0.030425870786835098,0.06787587361521745,[Maize].Phenology.MaturityToHarvestRipe.Target.FixedValue,Yield,fast,0.009208928713889704,2006
0.37399546139912254,0.86477072703127,0.03275541015766327,0.06007508828263036,[Maize].Phenology.Juvenile.Target.FixedValue,AGB,fast,0.49077526563214746,2006
0.0008266257980637145,0.029867240954104313,0.0324805290145566,0.05919731864029826,[Maize].Phenology.FlagLeafToFlowering.Target.FixedValue,AGB,fast,0.0290406151560406,2006
0.0031067273763747028,0.028058417041599282,0.03740907969002696,0.05609437968954178,[Maize].Phenology.FloweringToGrainFilling.Target.FixedValue,AGB,fast,0.02495168966522458,2006
0.0020114232884742684,0.03540275149878669,0.03653860994577795,0.059961373036150185,[Maize].Phenology.GrainFilling.Target.FixedValue,AGB,fast,0.03339132821031242,2006
0.0030869053090341273,0.019451381821197544,0.03501882516924466,0.06285865846716653,[Maize].Cob.DMDemands.Structural.DMDemandFunction.MaximumOrganWt.FixedValue,AGB,fast,0.01636447651216342,2006
0.0007520768397159578,0.027331199396518402,0.033735986478526936,0.0626236447568622,[Maize].Grain.MaximumGrainsPerCob.FixedValue,AGB,fast,0.026579122556802445,2006
0.00014778929744610096,0.01832247598261083,0.03590402977538528,0.06077023139010211,[Maize].Root.SpecificRootLength.FixedValue,AGB,fast,0.01817468668516473,2006
0.00034516272278506947,0.017803852894269445,0.03613559910144102,0.060730836414501034,[Maize].Phenology.Maturing.Target.FixedValue,AGB,fast,0.017458690171484374,2006
0.037093697246045054,0.5308007605955531,0.031178856240198023,0.05658404405683475,[Maize].Leaf.Photosynthesis.RUE.FixedValue,AGB,fast,0.4937070633495081,2006
0.019060111107945372,0.12547631080425314,0.03078101078925403,0.05930123553020211,[Maize].Grain.MaximumPotentialGrainSize.FixedValue,AGB,fast,0.10641619969630778,2006
0.0006063963472884471,0.020994259619963263,0.03899803468076079,0.06526110632382866,[Maize].Grain.MaximumNConc.InitialPhase.InitialNconc.FixedValue,AGB,fast,0.020387863272674816,2006
0.00034744478221232397,0.021866389222453875,0.02950692850528286,0.05250292095368468,[Maize].Phenology.MaturityToHarvestRipe.Target.FixedValue,AGB,fast,0.02151894444024155,2006
0.025958800841030208,0.5281943431319363,0.030074978790643598,0.05619420304292623,[Maize].Phenology.Juvenile.Target.FixedValue,TopN2O,fast,0.5022355422909061,2006
0.0017802268976412647,0.016552776625464616,0.030862811735391113,0.04221983685648565,[Maize].Phenology.FlagLeafToFlowering.Target.FixedValue,TopN2O,fast,0.014772549727823351,2006
0.0002234227349672733,0.007286534918692911,0.03075157019077232,0.053249273010095514,[Maize].Phenology.FloweringToGrainFilling.Target.FixedValue,TopN2O,fast,0.007063112183725637,2006
0.02528303296088708,0.09797164181419893,0.03396495610039996,0.06671942706237806,[Maize].Phenology.GrainFilling.Target.FixedValue,TopN2O,fast,0.07268860885331185,2006
0.0005518646802044154,0.013866188369019095,0.03442379647772699,0.05988616286894511,[Maize].Cob.DMDemands.Structural.DMDemandFunction.MaximumOrganWt.FixedValue,TopN2O,fast,0.013314323688814678,2006
0.000716089789108905,0.018705182612060667,0.03725218507753238,0.07031655070294121,[Maize].Grain.MaximumGrainsPerCob.FixedValue,TopN2O,fast,0.01798909282295176,2006
0.00022610096165656267,0.008445614165313198,0.03172372273195417,0.05852956647547976,[Maize].Root.SpecificRootLength.FixedValue,TopN2O,fast,0.008219513203656634,2006
0.00031254624248739564,0.009169958840364645,0.034270227901505225,0.06796160642756738,[Maize].Phenology.Maturing.Target.FixedValue,TopN2O,fast,0.00885741259787725,2006
0.38393743386247964,0.8813620131822589,0.03131233310455942,0.05210963246070285,[Maize].Leaf.Photosynthesis.RUE.FixedValue,TopN2O,fast,0.4974245793197793,2006
0.0016177781560047803,0.041893742573113846,0.03133167061742053,0.06147211897209392,[Maize].Grain.MaximumPotentialGrainSize.FixedValue,TopN2O,fast,0.04027596441710907,2006
0.00040626202066080397,0.014692967888210173,0.03544987677478199,0.06791821764341172,[Maize].Grain.MaximumNConc.InitialPhase.InitialNconc.FixedValue,TopN2O,fast,0.01428670586754937,2006
0.0031058700095852906,0.032695761589084715,0.03024159810851897,0.05967409938726034,[Maize].Phenology.MaturityToHarvestRipe.Target.FixedValue,TopN2O,fast,0.029589891579499424,2006
0.23724866726495805,0.5069782806218112,0.03719409184449609,0.06304816585054134,[Maize].Phenology.Juvenile.Target.FixedValue,soc0_10cm,fast,0.2697296133568531,2006
0.054395460010237824,0.08471776525918506,0.03093210166415742,0.054615012354902584,[Maize].Phenology.FlagLeafToFlowering.Target.FixedValue,soc0_10cm,fast,0.03032230524894724,2006
0.010781065373267269,0.03087035934561666,0.040578125642043265,0.058531295166575424,[Maize].Phenology.FloweringToGrainFilling.Target.FixedValue,soc0_10cm,fast,0.02008929397234939,2006
0.035302866524860574,0.10690013992886671,0.033416592241519424,0.05930915524165205,[Maize].Phenology.GrainFilling.Target.FixedValue,soc0_10cm,fast,0.07159727340400614,2006
0.00954042690681254,0.01702666198430758,0.03186223213295853,0.06298911747396158,[Maize].Cob.DMDemands.Structural.DMDemandFunction.MaximumOrganWt.FixedValue,soc0_10cm,fast,0.007486235077495039,2006
0.2573185731468777,0.3038003087480855,0.03505713613914045,0.06169080253185987,[Maize].Grain.MaximumGrainsPerCob.FixedValue,soc0_10cm,fast,0.046481735601207774,2006
4.4445973459904725e-05,0.0034824208722522565,0.033068180926506756,0.06014679619576485,[Maize].Root.SpecificRootLength.FixedValue,soc0_10cm,fast,0.0034379748987923516,2006
0.00011449699647233445,0.004438306524297997,0.03447984078139475,0.061008075738669315,[Maize].Phenology.Maturing.Target.FixedValue,soc0_10cm,fast,0.004323809527825662,2006
0.02887355964235292,0.15521884039128298,0.030222660401248887,0.05361345759005445,[Maize].Leaf.Photosynthesis.RUE.FixedValue,soc0_10cm,fast,0.12634528074893006,2006
0.16311656557651832,0.1907958637593241,0.037122051549640774,0.061264702627701825,[Maize].Grain.MaximumPotentialGrainSize.FixedValue,soc0_10cm,fast,0.02767929818280579,2006
0.0006199873700094414,0.007430337466846182,0.034915014269864285,0.07164279277606429,[Maize].Grain.MaximumNConc.InitialPhase.InitialNconc.FixedValue,soc0_10cm,fast,0.006810350096836741,2006
0.0001200649669768848,0.005481784827948366,0.03677654945300721,0.057704717503930684,[Maize].Phenology.MaturityToHarvestRipe.Target.FixedValue,soc0_10cm,fast,0.005361719860971482,2006
0.1464703375103207,0.7646701363826557,0.03198007426762807,0.05997947915098796,[Maize].Phenology.Juvenile.Target.FixedValue,Top_respiration,fast,0.618199798872335,2006
0.00961523055369993,0.013659367825779478,0.03226020213533833,0.05394702055349685,[Maize].Phenology.FlagLeafToFlowering.Target.FixedValue,Top_respiration,fast,0.004044137272079548,2006
0.002604728422550965,0.008414549892247769,0.03637520471411827,0.06618666306152317,[Maize].Phenology.FloweringToGrainFilling.Target.FixedValue,Top_respiration,fast,0.005809821469696804,2006
0.009221837480037747,0.027233988754136518,0.038617301282191215,0.05408207420963841,[Maize].Phenology.GrainFilling.Target.FixedValue,Top_respiration,fast,0.01801215127409877,2006
0.0012577441795925317,0.0047213570155807405,0.03476521466878172,0.06442355876284435,[Maize].Cob.DMDemands.Structural.DMDemandFunction.MaximumOrganWt.FixedValue,Top_respiration,fast,0.003463612835988209,2006
0.01873918464302562,0.030089553603253272,0.03325854352029079,0.06059813998480185,[Maize].Grain.MaximumGrainsPerCob.FixedValue,Top_respiration,fast,0.01135036896022765,2006
3.342280301833063e-05,0.00415064606610327,0.034563163102185844,0.0517112924835204,[Maize].Root.SpecificRootLength.FixedValue,Top_respiration,fast,0.004117223263084939,2006
0.00012173543097249013,0.004181626167590657,0.03138928847734497,0.060501750989929645,[Maize].Phenology.Maturing.Target.FixedValue,Top_respiration,fast,0.0040598907366181675,2006
0.19829194909708858,0.7086001359589974,0.034761331154187246,0.07901092797569384,[Maize].Leaf.Photosynthesis.RUE.FixedValue,Top_respiration,fast,0.5103081868619088,2006
0.09348940206094515,0.13262258882363487,0.03511833950256714,0.07491688199524267,[Maize].Grain.MaximumPotentialGrainSize.FixedValue,Top_respiration,fast,0.03913318676268972,2006
0.00019727709131321785,0.007998962011461663,0.04048033330668718,0.06536686665693574,[Maize].Grain.MaximumNConc.InitialPhase.InitialNconc.FixedValue,Top_respiration,fast,0.007801684920148446,2006
0.0004242028191823241,0.007177601760748109,0.03246971167469706,0.047778567396333994,[Maize].Phenology.MaturityToHarvestRipe.Target.FixedValue,Top_respiration,fast,0.006753398941565785,2006
0.12698144530571193,0.2956360602656345,0.03116837984176563,0.06268410984278992,[Maize].Phenology.Juvenile.Target.FixedValue,Yield,fast,0.16865461495992257,2007
0.00032033667076503754,0.00906683222932303,0.03551583247400102,0.06886774585277498,[Maize].Phenology.FlagLeafToFlowering.Target.FixedValue,Yield,fast,0.008746495558557991,2007
0.00025527542317147156,0.010152370049216985,0.03601720868342519,0.06430748677054199,[Maize].Phenology.FloweringToGrainFilling.Target.FixedValue,Yield,fast,0.009897094626045514,2007
0.0345106048745746,0.09075595207147769,0.03128346714772577,0.06763766377701273,[Maize].Phenology.GrainFilling.Target.FixedValue,Yield,fast,0.056245347196903085,2007
0.0009426625379346501,0.002886321254430446,0.03560209281566203,0.05479234039513084,[Maize].Cob.DMDemands.Structural.DMDemandFunction.MaximumOrganWt.FixedValue,Yield,fast,0.001943658716495796,2007
0.03746496162813449,0.09932709841355258,0.0344642023866428,0.056519745724619395,[Maize].Grain.MaximumGrainsPerCob.FixedValue,Yield,fast,0.0618621367854181,2007
1.676148122329855e-05,0.0016794519580135558,0.03611990627088172,0.05274246255858132,[Maize].Root.SpecificRootLength.FixedValue,Yield,fast,0.0016626904767902573,2007
1.996812541256409e-05,0.001902024663159474,0.037402263777008594,0.06588869075187181,[Maize].Phenology.Maturing.Target.FixedValue,Yield,fast,0.00188205653774691,2007
0.36871687496721756,0.5040130274901228,0.033594195053775866,0.05747803074779254,[Maize].Leaf.Photosynthesis.RUE.FixedValue,Yield,fast,0.13529615252290522,2007
0.07384180361156042,0.19169597425633123,0.03344472543689341,0.06020470307496227,[Maize].Grain.MaximumPotentialGrainSize.FixedValue,Yield,fast,0.1178541706447708,2007
0.0013525722421960566,0.009153139987982506,0.02938705419596357,0.055062401842229915,[Maize].Grain.MaximumNConc.InitialPhase.InitialNconc.FixedValue,Yield,fast,0.0078005677457864495,2007
3.4530030361809824e-05,0.004754425588349709,0.0365028342110672,0.05730222524636924,[Maize].Phenology.MaturityToHarvestRipe.Target.FixedValue,Yield,fast,0.004719895557987899,2007
0.1967279239952574,0.3449526208310011,0.033787221561508894,0.06758509269722232,[Maize].Phenology.Juvenile.Target.FixedValue,AGB,fast,0.14822469683574369,2007
0.0017713734122664555,0.0063124814851988065,0.03266571196805771,0.07116245532061047,[Maize].Phenology.FlagLeafToFlowering.Target.FixedValue,AGB,fast,0.004541108072932351,2007
0.0008121180375981351,0.006654819102824838,0.0407075155631238,0.04552782099180051,[Maize].Phenology.FloweringToGrainFilling.Target.FixedValue,AGB,fast,0.005842701065226703,2007
0.007404741404201967,0.024658850540915878,0.03636283251658924,0.06957061363388778,[Maize].Phenology.GrainFilling.Target.FixedValue,AGB,fast,0.01725410913671391,2007
0.0005957414341399404,0.0033009511144272974,0.03473307565647654,0.05971224330871979,[Maize].Cob.DMDemands.Structural.DMDemandFunction.MaximumOrganWt.FixedValue,AGB,fast,0.002705209680287357,2007
0.00010894248321666156,0.01785638132138545,0.03025003192708709,0.0572828995382441,[Maize].Grain.MaximumGrainsPerCob.FixedValue,AGB,fast,0.01774743883816879,2007
9.178278160918994e-06,0.0012198575672219825,0.03565073206847701,0.06536388094092023,[Maize].Root.SpecificRootLength.FixedValue,AGB,fast,0.0012106792890610634,2007
2.6537607974968818e-05,0.0012530252827653854,0.03046473536032878,0.06036853433412824,[Maize].Phenology.Maturing.Target.FixedValue,AGB,fast,0.0012264876747904165,2007
0.5848704323718283,0.7389416290045159,0.031794059485126716,0.06801649613836275,[Maize].Leaf.Photosynthesis.RUE.FixedValue,AGB,fast,0.15407119663268753,2007
0.008617182393954767,0.07113478002083562,0.03132359478320293,0.06371288400401774,[Maize].Grain.MaximumPotentialGrainSize.FixedValue,AGB,fast,0.06251759762688085,2007
0.0006425914461639473,0.004562487152319328,0.03589413209380871,0.06020530271574471,[Maize].Grain.MaximumNConc.InitialPhase.InitialNconc.FixedValue,AGB,fast,0.00391989570615538,2007
2.6202253527863783e-05,0.0033481650038713617,0.03930239418276475,0.07148102625826683,[Maize].Phenology.MaturityToHarvestRipe.Target.FixedValue,AGB,fast,0.0033219627503434978,2007
0.11930672605482605,0.6470807129265161,0.03548244192490012,0.06069758522538527,[Maize].Phenology.Juvenile.Target.FixedValue,TopN2O,fast,0.5277739868716901,2007
0.0004747981980761553,0.0029487317679086633,0.034044667210897,0.060498417189267475,[Maize].Phenology.FlagLeafToFlowering.Target.FixedValue,TopN2O,fast,0.0024739335698325078,2007
5.18363621184425e-05,0.001370257770473171,0.031837216837021204,0.058843261486621355,[Maize].Phenology.FloweringToGrainFilling.Target.FixedValue,TopN2O,fast,0.0013184214083547287,2007
0.01044385649524979,0.05044955766689441,0.03350025397858617,0.06647420792227345,[Maize].Phenology.GrainFilling.Target.FixedValue,TopN2O,fast,0.04000570117164462,2007
0.00013751095822404002,0.002535816952230374,0.033531239300357826,0.0595576777584048,[Maize].Cob.DMDemands.Structural.DMDemandFunction.MaximumOrganWt.FixedValue,TopN2O,fast,0.002398305994006334,2007
0.004682330560413818,0.014339943637865837,0.03410209425058871,0.0597341997566095,[Maize].Grain.MaximumGrainsPerCob.FixedValue,TopN2O,fast,0.00965761307745202,2007
1.6949109880881788e-05,0.0007616348530364858,0.02986592345745639,0.055318574678027005,[Maize].Root.SpecificRootLength.FixedValue,TopN2O,fast,0.000744685743155604,2007
4.1835065505023005e-05,0.0009195336492792139,0.03047966727821528,0.05522780718867197,[Maize].Phenology.Maturing.Target.FixedValue,TopN2O,fast,0.0008776985837741909,2007
0.3579583982566758,0.8719571458008545,0.03543016056614241,0.05214652274673653,[Maize].Leaf.Photosynthesis.RUE.FixedValue,TopN2O,fast,0.5139987475441787,2007
0.02602360516304076,0.08685522279303026,0.03415324587258534,0.0609230240034981,[Maize].Grain.MaximumPotentialGrainSize.FixedValue,TopN2O,fast,0.0608316176299895,2007
2.9444038763436066e-05,0.007793331542239823,0.03340078879749313,0.05690897597619332,[Maize].Grain.MaximumNConc.InitialPhase.InitialNconc.FixedValue,TopN2O,fast,0.007763887503476387,2007
0.0007064316258806829,0.008992801576444776,0.030546862020245508,0.05227109241240812,[Maize].Phenology.MaturityToHarvestRipe.Target.FixedValue,TopN2O,fast,0.008286369950564093,2007
0.26083472276651287,0.5100152277490169,0.03116474666600847,0.054860975054968446,[Maize].Phenology.Juvenile.Target.FixedValue,soc0_10cm,fast,0.249180504982504,2007
0.04309521905390156,0.06317456621066864,0.03940037965609485,0.05706445263569938,[Maize].Phenology.FlagLeafToFlowering.Target.FixedValue,soc0_10cm,fast,0.020079347156767076,2007
0.010005404385766973,0.028534280109886123,0.03142606965092324,0.06393455474141561,[Maize].Phenology.FloweringToGrainFilling.Target.FixedValue,soc0_10cm,fast,0.01852887572411915,2007
0.03791487860761069,0.09700257181285943,0.030828444970868545,0.056058060570418414,[Maize].Phenology.GrainFilling.Target.FixedValue,soc0_10cm,fast,0.05908769320524874,2007
0.0071240492932873704,0.012788730900300416,0.034601866185072105,0.061653290517463294,[Maize].Cob.DMDemands.Structural.DMDemandFunction.MaximumOrganWt.FixedValue,soc0_10cm,fast,0.005664681607013045,2007
0.22181670110721938,0.26864360457207104,0.031012935840772044,0.06452317913178823,[Maize].Grain.MaximumGrainsPerCob.FixedValue,soc0_10cm,fast,0.04682690346485166,2007
4.5313311656571994e-05,0.0026848352267018205,0.03827861723506665,0.06301443915824155,[Maize].Root.SpecificRootLength.FixedValue,soc0_10cm,fast,0.0026395219150452485,2007
0.00016370483233086054,0.003674759338444744,0.02838458236321038,0.06168537404062227,[Maize].Phenology.Maturing.Target.FixedValue,soc0_10cm,fast,0.0035110545061138834,2007
0.05153889791295863,0.18621750823014893,0.03501163096459103,0.061768606589136514,[Maize].Leaf.Photosynthesis.RUE.FixedValue,soc0_10cm,fast,0.1346786103171903,2007
0.1409202967590955,0.17113469213208043,0.036492780152422646,0.060307955954227895,[Maize].Grain.MaximumPotentialGrainSize.FixedValue,soc0_10cm,fast,0.030214395372984926,2007
0.0007543537841674122,0.006253441516698377,0.032244349564584454,0.061576206383910974,[Maize].Grain.MaximumNConc.InitialPhase.InitialNconc.FixedValue,soc0_10cm,fast,0.005499087732530964,2007
0.00021232851578348262,0.004434664345487782,0.02965848482959443,0.06716993393690389,[Maize].Phenology.MaturityToHarvestRipe.Target.FixedValue,soc0_10cm,fast,0.0042223358297043,2007
0.2631184230708793,0.6287718720510298,0.0408307334541361,0.06534981323634224,[Maize].Phenology.Juvenile.Target.FixedValue,Top_respiration,fast,0.3656534489801505,2007
0.02246913315468045,0.028267229237769143,0.03371833933733169,0.0568469206765882,[Maize].Phenology.FlagLeafToFlowering.Target.FixedValue,Top_respiration,fast,0.005798096083088691,2007
0.012975036597633563,0.021614056398556847,0.03292989297822614,0.06265582903185583,[Maize].Phenology.FloweringToGrainFilling.Target.FixedValue,Top_respiration,fast,0.008639019800923284,2007
0.09692994029462186,0.14067244329472683,0.034439775386381676,0.053771783020890106,[Maize].Phenology.GrainFilling.Target.FixedValue,Top_respiration,fast,0.043742503000104974,2007
0.0010404951367071669,0.005083420990501519,0.03727688471486548,0.05428075941631965,[Maize].Cob.DMDemands.Structural.DMDemandFunction.MaximumOrganWt.FixedValue,Top_respiration,fast,0.004042925853794352,2007
0.04240999076230615,0.05910761551732768,0.031755670660869866,0.057551121577012775,[Maize].Grain.MaximumGrainsPerCob.FixedValue,Top_respiration,fast,0.016697624755021533,2007
2.9286164934202164e-05,0.002966522991040388,0.03519550402780926,0.06756709403719753,[Maize].Root.SpecificRootLength.FixedValue,Top_respiration,fast,0.002937236826106186,2007
0.0005299162624907483,0.00480328675565711,0.034317920703289324,0.06451101190932587,[Maize].Phenology.Maturing.Target.FixedValue,Top_respiration,fast,0.004273370493166362,2007
0.19620636291192944,0.42819296887736535,0.037289755032203255,0.06313825724076583,[Maize].Leaf.Photosynthesis.RUE.FixedValue,Top_respiration,fast,0.2319866059654359,2007
0.03300019814323771,0.05339775957547188,0.03365937274564261,0.05819930365742646,[Maize].Grain.MaximumPotentialGrainSize.FixedValue,Top_respiration,fast,0.020397561432234174,2007
0.0001317425523140732,0.003726022875121471,0.030824482130149156,0.06619878316637408,[Maize].Grain.MaximumNConc.InitialPhase.InitialNconc.FixedValue,Top_respiration,fast,0.0035942803228073976,2007
0.0032583993904406116,0.013726081854282812,0.030478645825674076,0.0625345043612652,[Maize].Phenology.MaturityToHarvestRipe.Target.FixedValue,Top_respiration,fast,0.0104676824638422,2007
0.10609198629975962,0.3172523934921838,0.037442534887323936,0.06072881002137005,[Maize].Phenology.Juvenile.Target.FixedValue,Yield,fast,0.21116040719242418,2008
0.00129014373216383,0.022090675785248703,0.03710866378920146,0.054264463707605126,[Maize].Phenology.FlagLeafToFlowering.Target.FixedValue,Yield,fast,0.020800532053084873,2008
0.020631299893588254,0.035928751020135596,0.033839219486387136,0.057955265396746156,[Maize].Phenology.FloweringToGrainFilling.Target.FixedValue,Yield,fast,0.015297451126547342,2008
0.029276383458225756,0.07675322448546607,0.03722015774510283,0.060072143902076956,[Maize].Phenology.GrainFilling.Target.FixedValue,Yield,fast,0.04747684102724031,2008
0.00011403616119851633,0.005344596305383642,0.03338937751780506,0.059063870407198946,[Maize].Cob.DMDemands.Structural.DMDemandFunction.MaximumOrganWt.FixedValue,Yield,fast,0.005230560144185126,2008
0.08147547131128421,0.12457020901627347,0.032641398221772644,0.057185419392344575,[Maize].Grain.MaximumGrainsPerCob.FixedValue,Yield,fast,0.043094737704989255,2008
0.0001281814534323401,0.005199507510597501,0.03747481325672207,0.05977758563877228,[Maize].Root.SpecificRootLength.FixedValue,Yield,fast,0.005071326057165161,2008
5.257705241953482e-05,0.004152889471155774,0.027550763895569236,0.05794126840548693,[Maize].Phenology.Maturing.Target.FixedValue,Yield,fast,0.004100312418736239,2008
0.2649642567644616,0.42192022894386316,0.028456454204343753,0.06349579119955724,[Maize].Leaf.Photosynthesis.RUE.FixedValue,Yield,fast,0.15695597217940155,2008
0.18867911054437117,0.288127078094088,0.033643375367084706,0.05560776043822285,[Maize].Grain.MaximumPotentialGrainSize.FixedValue,Yield,fast,0.09944796754971683,2008
0.003593344935173446,0.014276158234882375,0.03888276128282155,0.05602581216817255,[Maize].Grain.MaximumNConc.InitialPhase.InitialNconc.FixedValue,Yield,fast,0.010682813299708929,2008
5.136395067424975e-05,0.004352446058552895,0.040465786050960906,0.06084921377113877,[Maize].Phenology.MaturityToHarvestRipe.Target.FixedValue,Yield,fast,0.004301082107878645,2008
0.5557272552968651,0.6241372820434593,0.03418860031417299,0.0585197309583999,[Maize].Phenology.Juvenile.Target.FixedValue,AGB,fast,0.06841002674659424,2008
0.005382656780863136,0.012578545967503185,0.0362851703176963,0.06547606547310587,[Maize].Phenology.FlagLeafToFlowering.Target.FixedValue,AGB,fast,0.007195889186640049,2008
0.00036450083691462324,0.006076870743778051,0.029571266411895954,0.057799932506249554,[Maize].Phenology.FloweringToGrainFilling.Target.FixedValue,AGB,fast,0.005712369906863428,2008
0.0044508509790757,0.02966836766950376,0.036716122474166966,0.06140386581673274,[Maize].Phenology.GrainFilling.Target.FixedValue,AGB,fast,0.025217516690428057,2008
1.4178685726879832e-05,0.002167622541050074,0.030429522031100314,0.05443763700106045,[Maize].Cob.DMDemands.Structural.DMDemandFunction.MaximumOrganWt.FixedValue,AGB,fast,0.002153443855323194,2008
0.0022769620069552636,0.030327346432524327,0.033733600634792166,0.06026316548866272,[Maize].Grain.MaximumGrainsPerCob.FixedValue,AGB,fast,0.028050384425569064,2008
3.230142345391286e-05,0.001795710123097094,0.03613803840209665,0.054411323639276296,[Maize].Root.SpecificRootLength.FixedValue,AGB,fast,0.0017634086996431812,2008
2.5096903738484826e-05,0.0015657471871866058,0.03371589815269647,0.06155828694515146,[Maize].Phenology.Maturing.Target.FixedValue,AGB,fast,0.0015406502834481208,2008
0.22656781811662052,0.3063519745690494,0.03614421056537788,0.06694716041739286,[Maize].Leaf.Photosynthesis.RUE.FixedValue,AGB,fast,0.07978415645242887,2008
0.01447296801291697,0.07150791333059159,0.03690830555865461,0.059188680350196345,[Maize].Grain.MaximumPotentialGrainSize.FixedValue,AGB,fast,0.05703494531767462,2008
0.0015726274846089919,0.006031808328359367,0.03356043911101205,0.06803123533221438,[Maize].Grain.MaximumNConc.InitialPhase.InitialNconc.FixedValue,AGB,fast,0.004459180843750375,2008
5.9583666381655994e-05,0.0030320340598732898,0.03288929127005823,0.06559049957789241,[Maize].Phenology.MaturityToHarvestRipe.Target.FixedValue,AGB,fast,0.002972450393491634,2008
0.25694613735787253,0.718699767566201,0.03581308925350562,0.050938472841796714,[Maize].Phenology.Juvenile.Target.FixedValue,TopN2O,fast,0.4617536302083285,2008
0.0001282011789029172,0.0029628146075753037,0.032396811023663916,0.0660239624758973,[Maize].Phenology.FlagLeafToFlowering.Target.FixedValue,TopN2O,fast,0.0028346134286723864,2008
0.00011311938254061286,0.0008855477483934449,0.03280209492759327,0.0676059599812054,[Maize].Phenology.FloweringToGrainFilling.Target.FixedValue,TopN2O,fast,0.000772428365852832,2008
0.0005562543965094162,0.024438134380686982,0.033141539240763344,0.057610502714558635,[Maize].Phenology.GrainFilling.Target.FixedValue,TopN2O,fast,0.023881879984177568,2008
2.2173986040774604e-05,0.004113346591964495,0.0359916253018219,0.051924317572806224,[Maize].Cob.DMDemands.Structural.DMDemandFunction.MaximumOrganWt.FixedValue,TopN2O,fast,0.004091172605923721,2008
0.0013439790077416835,0.009862883538842682,0.028395786404675376,0.05604160285126928,[Maize].Grain.MaximumGrainsPerCob.FixedValue,TopN2O,fast,0.008518904531100997,2008
3.3293530815662066e-06,0.0006121428352097169,0.03249044966088991,0.05187794742047273,[Maize].Root.SpecificRootLength.FixedValue,TopN2O,fast,0.0006088134821281507,2008
1.1730305912568068e-05,0.0005433678268426112,0.032932528303572996,0.054182895211513815,[Maize].Phenology.Maturing.Target.FixedValue,TopN2O,fast,0.0005316375209300431,2008
0.35202909091482937,0.7615896416705924,0.029717964606542375,0.052445448719769944,[Maize].Leaf.Photosynthesis.RUE.FixedValue,TopN2O,fast,0.40956055075576303,2008
0.0036809447148783243,0.07117412616618346,0.03106924079695476,0.055274687564255444,[Maize].Grain.MaximumPotentialGrainSize.FixedValue,TopN2O,fast,0.06749318145130513,2008
0.00010366323311595899,0.005818585182412739,0.02753264472433425,0.05492379678632748,[Maize].Grain.MaximumNConc.InitialPhase.InitialNconc.FixedValue,TopN2O,fast,0.00571492194929678,2008
1.5884439148692355e-05,0.0063992893323966404,0.036320458685283386,0.06473899435132358,[Maize].Phenology.MaturityToHarvestRipe.Target.FixedValue,TopN2O,fast,0.006383404893247948,2008
0.3175248458553266,0.49724868655902954,0.030000284586031285,0.059529382317692295,[Maize].Phenology.Juvenile.Target.FixedValue,soc0_10cm,fast,0.17972384070370295,2008
0.0376924099130446,0.05269292921800117,0.03341845603565895,0.06184396643304139,[Maize].Phenology.FlagLeafToFlowering.Target.FixedValue,soc0_10cm,fast,0.01500051930495657,2008
0.009982175932679065,0.025732363295622007,0.030650092710626742,0.0563088028032188,[Maize].Phenology.FloweringToGrainFilling.Target.FixedValue,soc0_10cm,fast,0.015750187362942942,2008
0.022347656656719898,0.05456712789130658,0.032561285232537866,0.061736505753447475,[Maize].Phenology.GrainFilling.Target.FixedValue,soc0_10cm,fast,0.03221947123458668,2008
0.0073754116624303295,0.012388382591100644,0.03367233730385967,0.06456023417146456,[Maize].Cob.DMDemands.Structural.DMDemandFunction.MaximumOrganWt.FixedValue,soc0_10cm,fast,0.0050129709286703145,2008
0.1873779344572408,0.22870960747458735,0.031544573433003834,0.05781730617587735,[Maize].Grain.MaximumGrainsPerCob.FixedValue,soc0_10cm,fast,0.041331673017346554,2008
4.944073806583336e-05,0.0022930806452189367,0.031081175638872707,0.0560492427593964,[Maize].Root.SpecificRootLength.FixedValue,soc0_10cm,fast,0.0022436399071531035,2008
3.269367649968609e-05,0.0026761688302674447,0.032908197858744506,0.05813199768792825,[Maize].Phenology.Maturing.Target.FixedValue,soc0_10cm,fast,0.0026434751537677587,2008
0.018781202287958158,0.1309466772588992,0.034480574278857895,0.07042930961996324,[Maize].Leaf.Photosynthesis.RUE.FixedValue,soc0_10cm,fast,0.11216547497094104,2008
0.16203945722488175,0.1959368317356025,0.032225205982811915,0.053314644148341854,[Maize].Grain.MaximumPotentialGrainSize.FixedValue,soc0_10cm,fast,0.03389737451072075,2008
0.0004765572627024808,0.005871517328282172,0.03166803047364725,0.05748208805098937,[Maize].Grain.MaximumNConc.InitialPhase.InitialNconc.FixedValue,soc0_10cm,fast,0.005394960065579691,2008
2.7530343546267205e-05,0.004168185245579714,0.03526496082987968,0.06600959548442406,[Maize].Phenology.MaturityToHarvestRipe.Target.FixedValue,soc0_10cm,fast,0.004140654902033447,2008
0.04153076491271672,0.584852513971448,0.03219583489871399,0.05990765907201769,[Maize].Phenology.Juvenile.Target.FixedValue,Top_respiration,fast,0.5433217490587313,2008
0.035638223078965664,0.049024676203320294,0.043469483354636504,0.06402024332147166,[Maize].Phenology.FlagLeafToFlowering.Target.FixedValue,Top_respiration,fast,0.01338645312435463,2008
0.008402257507649523,0.028712360011839966,0.03358713971593509,0.06973368334814246,[Maize].Phenology.FloweringToGrainFilling.Target.FixedValue,Top_respiration,fast,0.020310102504190443,2008
0.02286730140622477,0.07879091033792984,0.0364766251064891,0.06333687113484944,[Maize].Phenology.GrainFilling.Target.FixedValue,Top_respiration,fast,0.055923608931705074,2008
0.013281683596081534,0.02169259445236149,0.03532906186484552,0.05626420061537363,[Maize].Cob.DMDemands.Structural.DMDemandFunction.MaximumOrganWt.FixedValue,Top_respiration,fast,0.008410910856279957,2008
0.1506571409820667,0.222309100334402,0.036465975644180935,0.06287516528442658,[Maize].Grain.MaximumGrainsPerCob.FixedValue,Top_respiration,fast,0.07165195935233529,2008
2.5175400429179763e-05,0.003847508162739266,0.03312390235511665,0.058055298335279795,[Maize].Root.SpecificRootLength.FixedValue,Top_respiration,fast,0.003822332762310086,2008
0.0006245440966945012,0.005266541070943154,0.03099284390794664,0.05814014550649605,[Maize].Phenology.Maturing.Target.FixedValue,Top_respiration,fast,0.004641996974248653,2008
0.0692361018524786,0.3800785419557109,0.03658769546360334,0.0552317824183062,[Maize].Leaf.Photosynthesis.RUE.FixedValue,Top_respiration,fast,0.3108424401032323,2008
0.284374556664524,0.3980035157522589,0.03746662092643674,0.06423220922638902,[Maize].Grain.MaximumPotentialGrainSize.FixedValue,Top_respiration,fast,0.1136289590877349,2008
0.0002461314534746954,0.011227668402829627,0.033387053673761054,0.0678862769945487,[Maize].Grain.MaximumNConc.InitialPhase.InitialNconc.FixedValue,Top_respiration,fast,0.010981536949354932,2008
0.002049717368358908,0.01625479692453824,0.03578213906012755,0.06343418481994546,[Maize].Phenology.MaturityToHarvestRipe.Target.FixedValue,Top_respiration,fast,0.01420507955617933,2008
0.12231852034606329,0.6491998547286784,0.031729632754767347,0.0589761619609408,[Maize].Phenology.Juvenile.Target.FixedValue,Yield,fast,0.5268813343826151,2009
0.0007303839764910057,0.06954889362321837,0.030747678612396412,0.05986308900630239,[Maize].Phenology.FlagLeafToFlowering.Target.FixedValue,Yield,fast,0.06881850964672737,2009
0.011034571954411775,0.04643569821111149,0.03507152955383663,0.05900618944443844,[Maize].Phenology.FloweringToGrainFilling.Target.FixedValue,Yield,fast,0.03540112625669971,2009
0.005779933841527116,0.05604898792085855,0.033960385913315266,0.05651945787131714,[Maize].Phenology.GrainFilling.Target.FixedValue,Yield,fast,0.05026905407933144,2009
0.0011329144576498638,0.03166339178345423,0.02933015376845695,0.06150934206685501,[Maize].Cob.DMDemands.Structural.DMDemandFunction.MaximumOrganWt.FixedValue,Yield,fast,0.030530477325804366,2009
0.05534382031066483,0.12221529449959412,0.03730802243048896,0.05912858269348957,[Maize].Grain.MaximumGrainsPerCob.FixedValue,Yield,fast,0.06687147418892929,2009
9.026026077172464e-05,0.009982125345950554,0.033154083282180676,0.046231570764401674,[Maize].Root.SpecificRootLength.FixedValue,Yield,fast,0.009891865085178829,2009
0.0001527237783676605,0.011225752521252241,0.026512198259717713,0.06612975748499582,[Maize].Phenology.Maturing.Target.FixedValue,Yield,fast,0.01107302874288458,2009
0.2756657628869001,0.5857064576105236,0.03440644487445756,0.06728478285475956,[Maize].Leaf.Photosynthesis.RUE.FixedValue,Yield,fast,0.31004069472362356,2009
0.04997950481862377,0.10739114125695726,0.03778528890300947,0.06182785500316891,[Maize].Grain.MaximumPotentialGrainSize.FixedValue,Yield,fast,0.05741163643833349,2009
0.0016866156828114908,0.011489022905693091,0.031630130629493845,0.06409568421514049,[Maize].Grain.MaximumNConc.InitialPhase.InitialNconc.FixedValue,Yield,fast,0.009802407222881601,2009
0.00011379728643401574,0.005654964286285202,0.032914218286628445,0.05975765280582213,[Maize].Phenology.MaturityToHarvestRipe.Target.FixedValue,Yield,fast,0.005541166999851186,2009
0.2615267542980166,0.6172516261573844,0.03437997518145051,0.05405645709088046,[Maize].Phenology.Juvenile.Target.FixedValue,AGB,fast,0.3557248718593678,2009
0.01785653526262428,0.04238383078303465,0.033279193777788346,0.059650498826431614,[Maize].Phenology.FlagLeafToFlowering.Target.FixedValue,AGB,fast,0.02452729552041037,2009
0.0009635809797251935,0.016211434350929643,0.036811857832618713,0.06281745405794766,[Maize].Phenology.FloweringToGrainFilling.Target.FixedValue,AGB,fast,0.01524785337120445,2009
0.01683399926896498,0.051231366385273924,0.03182002965859229,0.06606344378956457,[Maize].Phenology.GrainFilling.Target.FixedValue,AGB,fast,0.03439736711630895,2009
0.0057223458463008135,0.018080368704030958,0.03605417575372179,0.06342130568246894,[Maize].Cob.DMDemands.Structural.DMDemandFunction.MaximumOrganWt.FixedValue,AGB,fast,0.012358022857730144,2009
0.0059853744272963805,0.044819584948454505,0.030836550939088138,0.05631177954117364,[Maize].Grain.MaximumGrainsPerCob.FixedValue,AGB,fast,0.038834210521158125,2009
2.0820846041115435e-05,0.0047101099503490396,0.03290470437235945,0.05963811278000718,[Maize].Root.SpecificRootLength.FixedValue,AGB,fast,0.004689289104307924,2009
4.238107884625221e-05,0.005147022409348612,0.03122799415044823,0.06431736432468488,[Maize].Phenology.Maturing.Target.FixedValue,AGB,fast,0.005104641330502359,2009
0.2827714162978786,0.6209433416645759,0.03346637684269104,0.05877918444209287,[Maize].Leaf.Photosynthesis.RUE.FixedValue,AGB,fast,0.33817192536669727,2009
0.032463557426817724,0.10882064677502945,0.03298227527405968,0.06066609795950864,[Maize].Grain.MaximumPotentialGrainSize.FixedValue,AGB,fast,0.07635708934821173,2009
0.0008101650147960851,0.004220437553286938,0.03344173648622579,0.0638746195329834,[Maize].Grain.MaximumNConc.InitialPhase.InitialNconc.FixedValue,AGB,fast,0.0034102725384908524,2009
4.077519328343882e-05,0.0031668860240432473,0.03882492221500113,0.060173379843194784,[Maize].Phenology.MaturityToHarvestRipe.Target.FixedValue,AGB,fast,0.0031261108307598083,2009
0.3887482076165774,0.7529118236529592,0.030685858435717084,0.08099379429721296,[Maize].Phenology.Juvenile.Target.FixedValue,TopN2O,fast,0.36416361603638175,2009
8.153715577556009e-06,0.0006277746826065522,0.03428789922608956,0.05163065857574871,[Maize].Phenology.FlagLeafToFlowering.Target.FixedValue,TopN2O,fast,0.0006196209670289962,2009
0.00010509808447147723,0.0007377111857257423,0.03897748560196644,0.060626807488208145,[Maize].Phenology.FloweringToGrainFilling.Target.FixedValue,TopN2O,fast,0.0006326131012542651,2009
9.336129321508202e-05,0.0016164336271837776,0.032319619243626446,0.058994109012109476,[Maize].Phenology.GrainFilling.Target.FixedValue,TopN2O,fast,0.0015230723339686955,2009
0.00020410593644289374,0.000624639102898561,0.03479046427976414,0.06605612843485335,[Maize].Cob.DMDemands.Structural.DMDemandFunction.MaximumOrganWt.FixedValue,TopN2O,fast,0.00042053316645566724,2009
0.00019930107092344817,0.0032217403192073,0.03426259868770046,0.057895544505913867,[Maize].Grain.MaximumGrainsPerCob.FixedValue,TopN2O,fast,0.003022439248283852,2009
3.822605253953386e-06,0.00038643651517433764,0.026296229925668782,0.05817873135253988,[Maize].Root.SpecificRootLength.FixedValue,TopN2O,fast,0.00038261390992038423,2009
2.1935781770248058e-06,0.0003972705129524634,0.04085550350107359,0.061235990851718144,[Maize].Phenology.Maturing.Target.FixedValue,TopN2O,fast,0.0003950769347754386,2009
0.24514477198433138,0.6333067921981945,0.030314393956936855,0.0579794159108522,[Maize].Leaf.Photosynthesis.RUE.FixedValue,TopN2O,fast,0.38816202021386315,2009
0.002723409014242218,0.04123242739681521,0.030355376658077814,0.05653128395098424,[Maize].Grain.MaximumPotentialGrainSize.FixedValue,TopN2O,fast,0.03850901838257299,2009
4.3957665148931545e-05,0.00130159006581676,0.03602469347299047,0.06012649193407559,[Maize].Grain.MaximumNConc.InitialPhase.InitialNconc.FixedValue,TopN2O,fast,0.0012576324006678286,2009
1.240353944558402e-05,0.0008037833383290893,0.03554052296850799,0.060491202516131166,[Maize].Phenology.MaturityToHarvestRipe.Target.FixedValue,TopN2O,fast,0.0007913797988835053,2009
0.45256948314885354,0.6443296700981792,0.03273135463402821,0.057927311020535686,[Maize].Phenology.Juvenile.Target.FixedValue,soc0_10cm,fast,0.19176018694932567,2009
0.036786075097501585,0.04948478428254954,0.03448074081785738,0.061915657191592886,[Maize].Phenology.FlagLeafToFlowering.Target.FixedValue,soc0_10cm,fast,0.012698709185047959,2009
0.010856540203525755,0.026363783319184875,0.040615439659870974,0.059367324068101114,[Maize].Phenology.FloweringToGrainFilling.Target.FixedValue,soc0_10cm,fast,0.01550724311565912,2009
0.015448404277613447,0.044896649923149234,0.03397207352841824,0.060312841817980446,[Maize].Phenology.GrainFilling.Target.FixedValue,soc0_10cm,fast,0.02944824564553579,2009
0.0034657174383198627,0.006688877423470241,0.03515178489564376,0.05557855557470547,[Maize].Cob.DMDemands.Structural.DMDemandFunction.MaximumOrganWt.FixedValue,soc0_10cm,fast,0.003223159985150378,2009
0.15471815535730335,0.187814578338102,0.03295091828936359,0.061150401230520665,[Maize].Grain.MaximumGrainsPerCob.FixedValue,soc0_10cm,fast,0.03309642298079865,2009
1.9291312257079425e-05,0.0016056861458764171,0.03332969692870726,0.06374415704135182,[Maize].Root.SpecificRootLength.FixedValue,soc0_10cm,fast,0.0015863948336193377,2009
1.830484592069086e-05,0.0018823802592021766,0.033929442666537746,0.0581275283266743,[Maize].Phenology.Maturing.Target.FixedValue,soc0_10cm,fast,0.0018640754132814856,2009
0.010660892502796124,0.11950527419192358,0.0383758678485112,0.05717758569079491,[Maize].Leaf.Photosynthesis.RUE.FixedValue,soc0_10cm,fast,0.10884438168912745,2009
0.1124102603760039,0.136165585045384,0.03303879483688389,0.05420752719224158,[Maize].Grain.MaximumPotentialGrainSize.FixedValue,soc0_10cm,fast,0.0237553246693801,2009
0.0003707668320107828,0.004494200021518457,0.036662188534286905,0.059643764317033096,[Maize].Grain.MaximumNConc.InitialPhase.InitialNconc.FixedValue,soc0_10cm,fast,0.0041234331895076744,2009
1.7027052370896155e-05,0.002875813653290704,0.03291547331232034,0.06180397309072239,[Maize].Phenology.MaturityToHarvestRipe.Target.FixedValue,soc0_10cm,fast,0.002858786600919808,2009
0.19589160994434918,0.8395762769999864,0.030770527046904472,0.056675252645933295,[Maize].Phenology.Juvenile.Target.FixedValue,Top_respiration,fast,0.6436846670556372,2009
0.01398058840443957,0.017568885750671503,0.03468956546620863,0.05984618020761326,[Maize].Phenology.FlagLeafToFlowering.Target.FixedValue,Top_respiration,fast,0.0035882973462319327,2009
0.0030577862586472376,0.006977634196429272,0.031163637370622322,0.060786108868242976,[Maize].Phenology.FloweringToGrainFilling.Target.FixedValue,Top_respiration,fast,0.003919847937782035,2009
0.0019258567763524724,0.008553499331541925,0.035983948074391855,0.0683541869695195,[Maize].Phenology.GrainFilling.Target.FixedValue,Top_respiration,fast,0.006627642555189453,2009
0.0011345231697296055,0.0034954518055954065,0.035038154990412615,0.056410136517724176,[Maize].Cob.DMDemands.Structural.DMDemandFunction.MaximumOrganWt.FixedValue,Top_respiration,fast,0.002360928635865801,2009
0.03222698793213857,0.043147110290286395,0.036233043089999764,0.059804597438226685,[Maize].Grain.MaximumGrainsPerCob.FixedValue,Top_respiration,fast,0.010920122358147821,2009
6.487999619815246e-06,0.0015487299923556685,0.032293044359006394,0.06438323671076901,[Maize].Root.SpecificRootLength.FixedValue,Top_respiration,fast,0.0015422419927358533,2009
8.566616895868419e-06,0.001474230429889145,0.032126307165186004,0.05932923086058169,[Maize].Phenology.Maturing.Target.FixedValue,Top_respiration,fast,0.0014656638129932767,2009
0.14074372620499495,0.6813943439668596,0.0273031616195354,0.06491283966762486,[Maize].Leaf.Photosynthesis.RUE.FixedValue,Top_respiration,fast,0.5406506177618646,2009
0.10979807379114434,0.13568721336570322,0.03227934157354853,0.06498268454270902,[Maize].Grain.MaximumPotentialGrainSize.FixedValue,Top_respiration,fast,0.025889139574558878,2009
5.0657556347018815e-05,0.0038989602705645776,0.03368534400319253,0.0668897015751521,[Maize].Grain.MaximumNConc.InitialPhase.InitialNconc.FixedValue,Top_respiration,fast,0.003848302714217559,2009
0.0001144281553314654,0.0036932633885429222,0.03536368983067304,0.062138019772794865,[Maize].Phenology.MaturityToHarvestRipe.Target.FixedValue,Top_respiration,fast,0.003578835233211457,2009
0.354084921549418,0.4948195852973343,0.030939691247829082,0.06291041698483937,[Maize].Phenology.Juvenile.Target.FixedValue,Yield,fast,0.14073466374791627,2010
0.004588075513008172,0.013513435426062759,0.03171049252383527,0.062288097889130416,[Maize].Phenology.FlagLeafToFlowering.Target.FixedValue,Yield,fast,0.008925359913054588,2010
0.007386547241444943,0.020349099144127636,0.033056739266113765,0.060116345333093374,[Maize].Phenology.FloweringToGrainFilling.Target.FixedValue,Yield,fast,0.012962551902682692,2010
0.02184184175188636,0.062282707755826894,0.03536311012605709,0.0645567589342645,[Maize].Phenology.GrainFilling.Target.FixedValue,Yield,fast,0.040440866003940534,2010
0.00016533598748683757,0.0024366623264886478,0.031104560501404557,0.06246156451902961,[Maize].Cob.DMDemands.Structural.DMDemandFunction.MaximumOrganWt.FixedValue,Yield,fast,0.0022713263390018103,2010
0.06518315299431751,0.1071589244902893,0.04146597957617116,0.05982483852735108,[Maize].Grain.MaximumGrainsPerCob.FixedValue,Yield,fast,0.041975771495971786,2010
1.1065376416976536e-05,0.002161077628076047,0.028261573029669942,0.07046335769493192,[Maize].Root.SpecificRootLength.FixedValue,Yield,fast,0.0021500122516590705,2010
1.1975194440255502e-05,0.001677393789097481,0.029173489917650893,0.05953090876431282,[Maize].Phenology.Maturing.Target.FixedValue,Yield,fast,0.0016654185946572255,2010
0.3471650787894068,0.4356638470292342,0.03616184382382905,0.0681769994945598,[Maize].Leaf.Photosynthesis.RUE.FixedValue,Yield,fast,0.08849876823982744,2010
0.17569928928239442,0.24679879409241556,0.0338571771801093,0.05497749771947285,[Maize].Grain.MaximumPotentialGrainSize.FixedValue,Yield,fast,0.07109950481002114,2010
0.0003803996154694483,0.00448824418075866,0.04378338691277255,0.05908053369581029,[Maize].Grain.MaximumNConc.InitialPhase.InitialNconc.FixedValue,Yield,fast,0.004107844565289212,2010
8.548960596913901e-05,0.004018646941834847,0.03651358031658881,0.05859604758646594,[Maize].Phenology.MaturityToHarvestRipe.Target.FixedValue,Yield,fast,0.003933157335865708,2010
0.6341188808359227,0.7188791068324654,0.033391368709725956,0.05811419591247795,[Maize].Phenology.Juvenile.Target.FixedValue,AGB,fast,0.08476022599654265,2010
0.00029063880945541786,0.005684217705291816,0.03789009929721206,0.06271035952808857,[Maize].Phenology.FlagLeafToFlowering.Target.FixedValue,AGB,fast,0.0053935788958363986,2010
0.0003697811110672332,0.006271488614698173,0.03852353575858794,0.056192135711016174,[Maize].Phenology.FloweringToGrainFilling.Target.FixedValue,AGB,fast,0.00590170750363094,2010
0.004084616112858989,0.02976893740999076,0.037728657895330905,0.05766451663656605,[Maize].Phenology.GrainFilling.Target.FixedValue,AGB,fast,0.02568432129713177,2010
1.131633807814268e-05,0.001612498538741014,0.036177862342384855,0.05419988322630841,[Maize].Cob.DMDemands.Structural.DMDemandFunction.MaximumOrganWt.FixedValue,AGB,fast,0.0016011822006628713,2010
0.0036082565928945184,0.028259582781447357,0.03557982987868941,0.06294509170572311,[Maize].Grain.MaximumGrainsPerCob.FixedValue,AGB,fast,0.024651326188552838,2010
3.2480102772390086e-05,0.001445229188695496,0.03352812626845452,0.06120542333934728,[Maize].Root.SpecificRootLength.FixedValue,AGB,fast,0.001412749085923106,2010
1.9044829218735515e-05,0.0016315292522712799,0.03419617783357916,0.06611664744320604,[Maize].Phenology.Maturing.Target.FixedValue,AGB,fast,0.0016124844230525444,2010
0.25412876478004415,0.3200618569221263,0.030648814730909007,0.054022097581508596,[Maize].Leaf.Photosynthesis.RUE.FixedValue,AGB,fast,0.06593309214208215,2010
0.023813606372470403,0.07696371757856313,0.03253180067201261,0.06006221057958735,[Maize].Grain.MaximumPotentialGrainSize.FixedValue,AGB,fast,0.053150111206092726,2010
0.00016429708485108491,0.002530111437087479,0.03312361670360674,0.06710062771288129,[Maize].Grain.MaximumNConc.InitialPhase.InitialNconc.FixedValue,AGB,fast,0.002365814352236394,2010
3.3347267979136885e-05,0.0027384933540256506,0.03420102967359933,0.06264990744946475,[Maize].Phenology.MaturityToHarvestRipe.Target.FixedValue,AGB,fast,0.002705146086046514,2010
0.22474047258725327,0.7515624589971511,0.030816519416198913,0.05263626052640705,[Maize].Phenology.Juvenile.Target.FixedValue,TopN2O,fast,0.5268219864098979,2010
9.713468609325082e-05,0.001851259020208551,0.03372715771583908,0.06726951216709305,[Maize].Phenology.FlagLeafToFlowering.Target.FixedValue,TopN2O,fast,0.0017541243341153002,2010
7.653859876074213e-06,0.0005254939393195546,0.036408851270074816,0.05601390680125458,[Maize].Phenology.FloweringToGrainFilling.Target.FixedValue,TopN2O,fast,0.0005178400794434803,2010
0.0025589168787996577,0.015996594042287482,0.04232750821017209,0.051089020135272604,[Maize].Phenology.GrainFilling.Target.FixedValue,TopN2O,fast,0.013437677163487824,2010
6.282775576702298e-05,0.0016942114436709899,0.02745786269576539,0.061323624935030435,[Maize].Cob.DMDemands.Structural.DMDemandFunction.MaximumOrganWt.FixedValue,TopN2O,fast,0.0016313836879039668,2010
0.00035045203045807645,0.007119322388401184,0.03062003184927911,0.05398584636200825,[Maize].Grain.MaximumGrainsPerCob.FixedValue,TopN2O,fast,0.006768870357943107,2010
1.4648635424605026e-06,0.00045306789871113473,0.03128099957096711,0.05754239586396256,[Maize].Root.SpecificRootLength.FixedValue,TopN2O,fast,0.00045160303516867425,2010
1.0544332324159452e-05,0.0005054719987522827,0.03647344251441805,0.058748863200039345,[Maize].Phenology.Maturing.Target.FixedValue,TopN2O,fast,0.0004949276664281232,2010
0.26098952940989434,0.8019148844269568,0.03398191029358357,0.061172076828286924,[Maize].Leaf.Photosynthesis.RUE.FixedValue,TopN2O,fast,0.5409253550170625,2010
0.00423677539615353,0.05430220519242224,0.03106964095338581,0.06001293490502916,[Maize].Grain.MaximumPotentialGrainSize.FixedValue,TopN2O,fast,0.050065429796268705,2010
6.291584172259469e-06,0.004074605430523404,0.025881285131458955,0.05981069372001213,[Maize].Grain.MaximumNConc.InitialPhase.InitialNconc.FixedValue,TopN2O,fast,0.004068313846351144,2010
8.054708076734283e-05,0.0030622952636405465,0.036579358694657296,0.05985383299470376,[Maize].Phenology.MaturityToHarvestRipe.Target.FixedValue,TopN2O,fast,0.0029817481828732038,2010
0.3909648168426119,0.5698805381422222,0.028180862484097936,0.0580882625443502,[Maize].Phenology.Juvenile.Target.FixedValue,soc0_10cm,fast,0.17891572129961025,2010
0.040480990343393294,0.056370876703544015,0.03712644190447497,0.06410981696055604,[Maize].Phenology.FlagLeafToFlowering.Target.FixedValue,soc0_10cm,fast,0.01588988636015072,2010
0.00946625854889582,0.02495429079095779,0.036001184380062876,0.058520367653599956,[Maize].Phenology.FloweringToGrainFilling.Target.FixedValue,soc0_10cm,fast,0.01548803224206197,2010
0.019634771635895887,0.06178062435415621,0.034862373152930344,0.0664879850384784,[Maize].Phenology.GrainFilling.Target.FixedValue,soc0_10cm,fast,0.042145852718260324,2010
0.004810509213086813,0.008808826209901643,0.027535415409753933,0.06545874749176311,[Maize].Cob.DMDemands.Structural.DMDemandFunction.MaximumOrganWt.FixedValue,soc0_10cm,fast,0.00399831699681483,2010
0.16997185675879833,0.19950275852485533,0.03336337403578938,0.05562529475439608,[Maize].Grain.MaximumGrainsPerCob.FixedValue,soc0_10cm,fast,0.029530901766056994,2010
1.4121071688629546e-05,0.0017224250740325298,0.03518405831156478,0.05226598403669974,[Maize].Root.SpecificRootLength.FixedValue,soc0_10cm,fast,0.0017083040023439001,2010
4.332583616149235e-05,0.0020076666894429662,0.034553663776280316,0.06384824592293072,[Maize].Phenology.Maturing.Target.FixedValue,soc0_10cm,fast,0.001964340853281474,2010
0.012019573075681777,0.10484867965977152,0.03232235782734147,0.06228508604249426,[Maize].Leaf.Photosynthesis.RUE.FixedValue,soc0_10cm,fast,0.09282910658408974,2010
0.14185015858069064,0.16518642297993558,0.03304357788213856,0.059760103906928305,[Maize].Grain.MaximumPotentialGrainSize.FixedValue,soc0_10cm,fast,0.023336264399244938,2010
0.0005682906044032509,0.004797862846286027,0.035754117701583515,0.05405852467611868,[Maize].Grain.MaximumNConc.InitialPhase.InitialNconc.FixedValue,soc0_10cm,fast,0.004229572241882777,2010
9.906675285173464e-05,0.0032411049406113612,0.04014905060919612,0.062443415493183496,[Maize].Phenology.MaturityToHarvestRipe.Target.FixedValue,soc0_10cm,fast,0.0031420381877596266,2010
0.17192998466157322,0.4086892044199937,0.03369117574433022,0.05731187339090065,[Maize].Phenology.Juvenile.Target.FixedValue,Top_respiration,fast,0.23675921975842046,2010
0.1579665300388407,0.19341912590605226,0.035571889759998844,0.06239053128984851,[Maize].Phenology.FlagLeafToFlowering.Target.FixedValue,Top_respiration,fast,0.035452595867211556,2010
0.0587772609319921,0.1131244525356132,0.03605755563567247,0.055486288980330964,[Maize].Phenology.FloweringToGrainFilling.Target.FixedValue,Top_respiration,fast,0.05434719160362111,2010
0.2511617656683547,0.31212654010420093,0.034911642627732366,0.055944187135162124,[Maize].Phenology.GrainFilling.Target.FixedValue,Top_respiration,fast,0.06096477443584625,2010
0.01649579570023706,0.031331417584198995,0.02968781287633256,0.06099524572857302,[Maize].Cob.DMDemands.Structural.DMDemandFunction.MaximumOrganWt.FixedValue,Top_respiration,fast,0.014835621883961935,2010
0.2307744545823952,0.27337840190016216,0.034792684993437975,0.051400817269481903,[Maize].Grain.MaximumGrainsPerCob.FixedValue,Top_respiration,fast,0.042603947317766955,2010
8.598660915169725e-05,0.005267411865066074,0.03040399719362803,0.06459226622057426,[Maize].Root.SpecificRootLength.FixedValue,Top_respiration,fast,0.005181425255914376,2010
0.0005159414311209847,0.007032255546868038,0.03369031584755217,0.05514748010990109,[Maize].Phenology.Maturing.Target.FixedValue,Top_respiration,fast,0.006516314115747053,2010
0.04958035062713227,0.13274226420249702,0.033211176537881366,0.058720871334470084,[Maize].Leaf.Photosynthesis.RUE.FixedValue,Top_respiration,fast,0.08316191357536475,2010
0.22284007848919704,0.2757532503932899,0.041768728096334674,0.058865556370508616,[Maize].Grain.MaximumPotentialGrainSize.FixedValue,Top_respiration,fast,0.052913171904092865,2010
0.0005935222884481538,0.0065897406843442585,0.032937380318351236,0.056623004881446955,[Maize].Grain.MaximumNConc.InitialPhase.InitialNconc.FixedValue,Top_respiration,fast,0.005996218395896105,2010
0.0012360578180724588,0.010443807289947316,0.03428358667933319,0.06286818522457276,[Maize].Phenology.MaturityToHarvestRipe.Target.FixedValue,Top_respiration,fast,0.009207749471874856,2010
0.14026337053306304,0.3958222512763232,0.031167039195167938,0.061879197896720445,[Maize].Phenology.Juvenile.Target.FixedValue,Yield,fast,0.25555888074326016,2011
0.00031969706137158395,0.0060349584506127485,0.03231742920221859,0.061214181589892155,[Maize].Phenology.FlagLeafToFlowering.Target.FixedValue,Yield,fast,0.005715261389241165,2011
0.002238475432743324,0.012903863547366501,0.03156678971482082,0.0521756661465321,[Maize].Phenology.FloweringToGrainFilling.Target.FixedValue,Yield,fast,0.010665388114623177,2011
0.022680475657276412,0.07626780966294477,0.0367876626550129,0.059617762964167514,[Maize].Phenology.GrainFilling.Target.FixedValue,Yield,fast,0.05358733400566836,2011
0.0002205427636373199,0.0028523663994367565,0.03528484483772114,0.054831780205841826,[Maize].Cob.DMDemands.Structural.DMDemandFunction.MaximumOrganWt.FixedValue,Yield,fast,0.0026318236357994367,2011
0.0671934043156282,0.1328568000132181,0.026426015709936992,0.05642730465475062,[Maize].Grain.MaximumGrainsPerCob.FixedValue,Yield,fast,0.06566339569758989,2011
2.572963978955119e-05,0.002432064976107373,0.038042377029395454,0.05703034409013136,[Maize].Root.SpecificRootLength.FixedValue,Yield,fast,0.002406335336317822,2011
3.721352860944015e-05,0.0029529758158648445,0.03382784143006914,0.05016324052383723,[Maize].Phenology.Maturing.Target.FixedValue,Yield,fast,0.0029157622872554045,2011
0.4065923053619837,0.5746517009798409,0.036762918458691445,0.06181977129091295,[Maize].Leaf.Photosynthesis.RUE.FixedValue,Yield,fast,0.16805939561785715,2011
0.05353408365736052,0.13098509881293452,0.03392807932528838,0.0587704837226992,[Maize].Grain.MaximumPotentialGrainSize.FixedValue,Yield,fast,0.077451015155574,2011
0.00015271211980482,0.002657812498209844,0.030272842737176796,0.06491156494413512,[Maize].Grain.MaximumNConc.InitialPhase.InitialNconc.FixedValue,Yield,fast,0.002505100378405024,2011
2.2006101477420317e-05,0.0016439044134360925,0.03836433945900875,0.05327862859300222,[Maize].Phenology.MaturityToHarvestRipe.Target.FixedValue,Yield,fast,0.001621898311958672,2011
0.19757050776976237,0.4821261018405286,0.03221818746874458,0.056346058988010865,[Maize].Phenology.Juvenile.Target.FixedValue,AGB,fast,0.28455559407076625,2011
0.00392247992285912,0.009038514756035676,0.03341037490376031,0.055194676976132305,[Maize].Phenology.FlagLeafToFlowering.Target.FixedValue,AGB,fast,0.005116034833176556,2011
0.0008770320559194307,0.007389248704064211,0.03827673734445295,0.05802396159795967,[Maize].Phenology.FloweringToGrainFilling.Target.FixedValue,AGB,fast,0.00651221664814478,2011
0.011447804541564847,0.038755755267999126,0.03471418317821423,0.06519506293118446,[Maize].Phenology.GrainFilling.Target.FixedValue,AGB,fast,0.02730795072643428,2011
0.0031258062347067567,0.006784488500179764,0.029711187493891546,0.06325850470243247,[Maize].Cob.DMDemands.Structural.DMDemandFunction.MaximumOrganWt.FixedValue,AGB,fast,0.003658682265473007,2011
0.0010718147053928294,0.037390404016037104,0.034192551584825114,0.059575061994750995,[Maize].Grain.MaximumGrainsPerCob.FixedValue,AGB,fast,0.03631858931064427,2011
1.540789027411493e-05,0.001658802844782481,0.03312268147626656,0.059030970390410706,[Maize].Root.SpecificRootLength.FixedValue,AGB,fast,0.001643394954508366,2011
3.27777174927425e-05,0.0019114467764318466,0.032232227214463276,0.05905255860747449,[Maize].Phenology.Maturing.Target.FixedValue,AGB,fast,0.0018786690589391042,2011
0.4734427379237707,0.7366615282173538,0.036393129729631435,0.05639650810321532,[Maize].Leaf.Photosynthesis.RUE.FixedValue,AGB,fast,0.2632187902935831,2011
0.004036255890654857,0.0675786085146769,0.032076214492648705,0.06198772882201741,[Maize].Grain.MaximumPotentialGrainSize.FixedValue,AGB,fast,0.06354235262402204,2011
0.0003322224679111602,0.0020920336169265585,0.03482142022427848,0.067012594814478,[Maize].Grain.MaximumNConc.InitialPhase.InitialNconc.FixedValue,AGB,fast,0.0017598111490153983,2011
5.200799502298508e-05,0.0012661859459254243,0.028100513396174417,0.06308694617141411,[Maize].Phenology.MaturityToHarvestRipe.Target.FixedValue,AGB,fast,0.0012141779509024393,2011
0.27082665386165566,0.7155093913358462,0.02713766763747471,0.05671966297100548,[Maize].Phenology.Juvenile.Target.FixedValue,TopN2O,fast,0.44468273747419057,2011
7.59353908485988e-05,0.0008005497854084442,0.03236503609367589,0.0555954434448248,[Maize].Phenology.FlagLeafToFlowering.Target.FixedValue,TopN2O,fast,0.0007246143945598455,2011
5.821118257472348e-06,0.0006393970365722312,0.035853397922996647,0.0668276105654795,[Maize].Phenology.FloweringToGrainFilling.Target.FixedValue,TopN2O,fast,0.0006335759183147589,2011
0.0009737005748933149,0.011316587504000775,0.034940668581485985,0.06251719942408646,[Maize].Phenology.GrainFilling.Target.FixedValue,TopN2O,fast,0.01034288692910746,2011
0.00039118832930358694,0.0033009235237423384,0.028843812699199924,0.06142836362577513,[Maize].Cob.DMDemands.Structural.DMDemandFunction.MaximumOrganWt.FixedValue,TopN2O,fast,0.0029097351944387517,2011
0.0007987800801440585,0.0052362999502652,0.037791500192566226,0.06260060632734808,[Maize].Grain.MaximumGrainsPerCob.FixedValue,TopN2O,fast,0.004437519870121141,2011
1.3107896845266907e-06,0.00030421604883268394,0.03464187120477436,0.05465619895000129,[Maize].Root.SpecificRootLength.FixedValue,TopN2O,fast,0.00030290525914815727,2011
2.365007872199988e-06,0.0003103979151354297,0.03170261981028931,0.06679798657105633,[Maize].Phenology.Maturing.Target.FixedValue,TopN2O,fast,0.0003080329072632297,2011
0.3500396072399163,0.7643830934481972,0.035085393272442325,0.0617500104060454,[Maize].Leaf.Photosynthesis.RUE.FixedValue,TopN2O,fast,0.41434348620828093,2011
0.007125924186187984,0.04816383907023036,0.029794946064094618,0.06287073146525983,[Maize].Grain.MaximumPotentialGrainSize.FixedValue,TopN2O,fast,0.041037914884042376,2011
0.00010981694631428963,0.0015144708590554279,0.03150150206485281,0.06756295602311722,[Maize].Grain.MaximumNConc.InitialPhase.InitialNconc.FixedValue,TopN2O,fast,0.0014046539127411382,2011
0.00020687053040131784,0.006256392999527294,0.03179261361056195,0.05142036022267762,[Maize].Phenology.MaturityToHarvestRipe.Target.FixedValue,TopN2O,fast,0.006049522469125976,2011
0.3898822855943759,0.578829802148352,0.0316366189895295,0.06788829608132797,[Maize].Phenology.Juvenile.Target.FixedValue,soc0_10cm,fast,0.18894751655397612,2011
0.03515929871747144,0.049272276065268295,0.034520383205407554,0.06713803582115382,[Maize].Phenology.FlagLeafToFlowering.Target.FixedValue,soc0_10cm,fast,0.014112977347796853,2011
0.008109948293320046,0.022322054286441073,0.029461355593249618,0.05795775232377455,[Maize].Phenology.FloweringToGrainFilling.Target.FixedValue,soc0_10cm,fast,0.014212105993121027,2011
0.019971934276582722,0.05903957292022188,0.03338738161643282,0.05607747007056034,[Maize].Phenology.GrainFilling.Target.FixedValue,soc0_10cm,fast,0.03906763864363916,2011
0.0032896109860780167,0.006686285344672527,0.031494883702881886,0.05865489019467888,[Maize].Cob.DMDemands.Structural.DMDemandFunction.MaximumOrganWt.FixedValue,soc0_10cm,fast,0.00339667435859451,2011
0.17326663388058286,0.20699084776389143,0.04301804894618375,0.06303013975643157,[Maize].Grain.MaximumGrainsPerCob.FixedValue,soc0_10cm,fast,0.03372421388330857,2011
2.295814591615224e-05,0.0016427939771140876,0.030087199108919913,0.05100571675308339,[Maize].Root.SpecificRootLength.FixedValue,soc0_10cm,fast,0.0016198358311979354,2011
2.41346611935099e-05,0.0018522332510462203,0.03444391556511485,0.05824206320934202,[Maize].Phenology.Maturing.Target.FixedValue,soc0_10cm,fast,0.0018280985898527103,2011
0.01987721931072309,0.12494106027934049,0.03008815879886912,0.06934766079582931,[Maize].Leaf.Photosynthesis.RUE.FixedValue,soc0_10cm,fast,0.1050638409686174,2011
0.13304712814008055,0.15542832797957018,0.04083767754726662,0.06354287016928416,[Maize].Grain.MaximumPotentialGrainSize.FixedValue,soc0_10cm,fast,0.022381199839489635,2011
0.0005359833421148607,0.0044336523315338106,0.02966111999411349,0.05375797496771266,[Maize].Grain.MaximumNConc.InitialPhase.InitialNconc.FixedValue,soc0_10cm,fast,0.00389766898941895,2011
1.8915511058094204e-05,0.0026292586141357654,0.03647177367900574,0.05608668107369686,[Maize].Phenology.MaturityToHarvestRipe.Target.FixedValue,soc0_10cm,fast,0.002610343103077671,2011
0.03679952825218977,0.6442876576532162,0.033885976274717705,0.07051090905636928,[Maize].Phenology.Juvenile.Target.FixedValue,Top_respiration,fast,0.6074881294010264,2011
0.043551546842948825,0.05268846050989784,0.034636805345425875,0.06143275420683076,[Maize].Phenology.FlagLeafToFlowering.Target.FixedValue,Top_respiration,fast,0.009136913666949013,2011
0.01436498625245867,0.02857577295852698,0.03669682114520563,0.058893885009939535,[Maize].Phenology.FloweringToGrainFilling.Target.FixedValue,Top_respiration,fast,0.01421078670606831,2011
0.04782954903031099,0.09773857141226694,0.030027824451071754,0.05662572744651474,[Maize].Phenology.GrainFilling.Target.FixedValue,Top_respiration,fast,0.04990902238195595,2011
0.00431392528148615,0.008465305503196463,0.032795559148450226,0.06593066239814876,[Maize].Cob.DMDemands.Structural.DMDemandFunction.MaximumOrganWt.FixedValue,Top_respiration,fast,0.004151380221710313,2011
0.15125291589709394,0.17963964393207243,0.036501536960884,0.06363769144159233,[Maize].Grain.MaximumGrainsPerCob.FixedValue,Top_respiration,fast,0.028386728034978492,2011
1.6950209886086184e-05,0.002672999451473146,0.03670517709492439,0.0656222777003892,[Maize].Root.SpecificRootLength.FixedValue,Top_respiration,fast,0.0026560492415870596,2011
0.0004671986045594772,0.0036236388988383217,0.03706034930842421,0.06299227314409628,[Maize].Phenology.Maturing.Target.FixedValue,Top_respiration,fast,0.0031564402942788443,2011
0.18833005791652657,0.5131029462091354,0.03638730421064078,0.056452122581402815,[Maize].Leaf.Photosynthesis.RUE.FixedValue,Top_respiration,fast,0.32477288829260886,2011
0.1431917221623716,0.17036457232917745,0.03544740355634353,0.06087372130345499,[Maize].Grain.MaximumPotentialGrainSize.FixedValue,Top_respiration,fast,0.027172850166805845,2011
0.00031951937216539436,0.008232582835176805,0.025532695335617587,0.06916421649727884,[Maize].Grain.MaximumNConc.InitialPhase.InitialNconc.FixedValue,Top_respiration,fast,0.00791306346301141,2011
0.0020384079965978332,0.014377659437627366,0.03486861617543051,0.058201999440965144,[Maize].Phenology.MaturityToHarvestRipe.Target.FixedValue,Top_respiration,fast,0.012339251441029533,2011
0.2028527875138004,0.6759793937290518,0.03413344077702696,0.05849899455974146,[Maize].Phenology.Juvenile.Target.FixedValue,Yield,fast,0.4731266062152514,2012
0.0011498913156402426,0.024953510649333377,0.034249623458118786,0.05846806722024576,[Maize].Phenology.FlagLeafToFlowering.Target.FixedValue,Yield,fast,0.023803619333693134,2012
0.006008781127242761,0.04351989486004615,0.029206871931160353,0.05841118285228339,[Maize].Phenology.FloweringToGrainFilling.Target.FixedValue,Yield,fast,0.037511113732803386,2012
0.022354955349617758,0.15914836900511387,0.02748402864841292,0.06430706885838731,[Maize].Phenology.GrainFilling.Target.FixedValue,Yield,fast,0.1367934136554961,2012
0.0009400195578364128,0.02707533892748437,0.03530937386122522,0.06550227054293112,[Maize].Cob.DMDemands.Structural.DMDemandFunction.MaximumOrganWt.FixedValue,Yield,fast,0.02613531936964796,2012
0.00396994846373517,0.12473944564649952,0.03054241675737217,0.056920761513554845,[Maize].Grain.MaximumGrainsPerCob.FixedValue,Yield,fast,0.12076949718276435,2012
4.348917672161352e-05,0.023234920323181973,0.03335040197789573,0.06286471639018097,[Maize].Root.SpecificRootLength.FixedValue,Yield,fast,0.02319143114646036,2012
0.0003458096207976573,0.01890902841322406,0.03314917693841677,0.06161474467741391,[Maize].Phenology.Maturing.Target.FixedValue,Yield,fast,0.0185632187924264,2012
0.13870791892382411,0.5324691150800636,0.03195742182101051,0.06226489992128176,[Maize].Leaf.Photosynthesis.RUE.FixedValue,Yield,fast,0.39376119615623945,2012
0.00809219306771884,0.06427848236517064,0.03751333481568363,0.05036428864382468,[Maize].Grain.MaximumPotentialGrainSize.FixedValue,Yield,fast,0.0561862892974518,2012
0.0001707577402484318,0.020562619138464355,0.031171667848602112,0.06036112015981147,[Maize].Grain.MaximumNConc.InitialPhase.InitialNconc.FixedValue,Yield,fast,0.020391861398215923,2012
0.00010058997298040522,0.02107109432468457,0.03498104050939409,0.06383838504281797,[Maize].Phenology.MaturityToHarvestRipe.Target.FixedValue,Yield,fast,0.020970504351704163,2012
0.09247677570835308,0.5822896892795044,0.0337116268904031,0.05455142841076326,[Maize].Phenology.Juvenile.Target.FixedValue,AGB,fast,0.4898129135711513,2012
0.006333037461505808,0.021505633724826834,0.03270504571966442,0.051566218332242335,[Maize].Phenology.FlagLeafToFlowering.Target.FixedValue,AGB,fast,0.015172596263321025,2012
0.0004441418988051181,0.01855309024399021,0.02580018491834594,0.058583201587973775,[Maize].Phenology.FloweringToGrainFilling.Target.FixedValue,AGB,fast,0.018108948345185092,2012
0.0030531647589180813,0.07025260712980974,0.03485503467910569,0.0572679998478784,[Maize].Phenology.GrainFilling.Target.FixedValue,AGB,fast,0.06719944237089166,2012
0.007253804964515936,0.023016544159456975,0.03448066064441342,0.06659077554572068,[Maize].Cob.DMDemands.Structural.DMDemandFunction.MaximumOrganWt.FixedValue,AGB,fast,0.01576273919494104,2012
0.0002816270033278089,0.060823799578973214,0.030107176880807857,0.05826132849715383,[Maize].Grain.MaximumGrainsPerCob.FixedValue,AGB,fast,0.060542172575645405,2012
0.00012972006920113484,0.010790214596303915,0.03265609090384848,0.06364704849636567,[Maize].Root.SpecificRootLength.FixedValue,AGB,fast,0.010660494527102781,2012
0.0002908586992579491,0.00901318521913419,0.030762007401716012,0.05882455888553081,[Maize].Phenology.Maturing.Target.FixedValue,AGB,fast,0.00872232651987624,2012
0.17411933658106057,0.7021758569222061,0.032933615580397334,0.06438196555524159,[Maize].Leaf.Photosynthesis.RUE.FixedValue,AGB,fast,0.5280565203411455,2012
0.0022474088848298043,0.04153559317241495,0.036372955610854095,0.06125723760475154,[Maize].Grain.MaximumPotentialGrainSize.FixedValue,AGB,fast,0.03928818428758515,2012
0.00024293736460014763,0.012746011604734542,0.03526544780507487,0.06130854837753292,[Maize].Grain.MaximumNConc.InitialPhase.InitialNconc.FixedValue,AGB,fast,0.012503074240134394,2012
0.000596187011546511,0.017000068973921922,0.03322673321723141,0.058506938598062164,[Maize].Phenology.MaturityToHarvestRipe.Target.FixedValue,AGB,fast,0.01640388196237541,2012
0.1284191335236936,0.6507758783198921,0.037337251929738365,0.0528796848248233,[Maize].Phenology.Juvenile.Target.FixedValue,TopN2O,fast,0.5223567447961985,2012
0.00021419909700067118,0.002826736698677057,0.031471124848725315,0.05826570712010236,[Maize].Phenology.FlagLeafToFlowering.Target.FixedValue,TopN2O,fast,0.0026125376016763856,2012
1.1077814817383802e-05,0.002603068802950248,0.03633328223291145,0.07018887426700096,[Maize].Phenology.FloweringToGrainFilling.Target.FixedValue,TopN2O,fast,0.0025919909881328643,2012
0.009958753970231453,0.0783760680755059,0.032961722902109164,0.056184203636077235,[Maize].Phenology.GrainFilling.Target.FixedValue,TopN2O,fast,0.06841731410527445,2012
0.0001358891504782145,0.007014471765597552,0.03851179337566873,0.04682118235941856,[Maize].Cob.DMDemands.Structural.DMDemandFunction.MaximumOrganWt.FixedValue,TopN2O,fast,0.006878582615119338,2012
0.00012326233849386105,0.026599833608501156,0.030217963223037513,0.063105862137806,[Maize].Grain.MaximumGrainsPerCob.FixedValue,TopN2O,fast,0.026476571270007295,2012
6.248972440724487e-06,0.001666695632163262,0.03131284277039593,0.06053989433857529,[Maize].Root.SpecificRootLength.FixedValue,TopN2O,fast,0.0016604466597225376,2012
1.859545226520573e-05,0.0013529085713472888,0.038687317308531956,0.05980481571399319,[Maize].Phenology.Maturing.Target.FixedValue,TopN2O,fast,0.0013343131190820831,2012
0.3153836570357023,0.8868956377311478,0.03448044111844497,0.05331966111398058,[Maize].Leaf.Photosynthesis.RUE.FixedValue,TopN2O,fast,0.5715119806954454,2012
0.004677370825879886,0.13777896200512374,0.0291346053942348,0.05213411811228634,[Maize].Grain.MaximumPotentialGrainSize.FixedValue,TopN2O,fast,0.13310159117924386,2012
8.307392643998488e-05,0.018065961412172205,0.03253967692339772,0.06135879740945575,[Maize].Grain.MaximumNConc.InitialPhase.InitialNconc.FixedValue,TopN2O,fast,0.01798288748573222,2012
0.00042565568713472124,0.015622337869957259,0.03612224078179182,0.06451349561237009,[Maize].Phenology.MaturityToHarvestRipe.Target.FixedValue,TopN2O,fast,0.015196682182822538,2012
0.20616465093643846,0.4201962871506514,0.031239465166537684,0.055015167439807694,[Maize].Phenology.Juvenile.Target.FixedValue,soc0_10cm,fast,0.21403163621421292,2012
0.02813225810299574,0.04357110321499402,0.03341773831127679,0.0588433702216974,[Maize].Phenology.FlagLeafToFlowering.Target.FixedValue,soc0_10cm,fast,0.015438845111998282,2012
0.007164841359690463,0.028529708725187564,0.04364162244526766,0.06768585210865942,[Maize].Phenology.FloweringToGrainFilling.Target.FixedValue,soc0_10cm,fast,0.0213648673654971,2012
0.0324652996654915,0.08227055352365331,0.03305261867928374,0.06672820347312837,[Maize].Phenology.GrainFilling.Target.FixedValue,soc0_10cm,fast,0.04980525385816181,2012
0.004223357824625064,0.008463572603235603,0.03135455392268353,0.0663511684704246,[Maize].Cob.DMDemands.Structural.DMDemandFunction.MaximumOrganWt.FixedValue,soc0_10cm,fast,0.004240214778610539,2012
0.18864994869787605,0.22704997670389937,0.02828688435554638,0.059204766469214874,[Maize].Grain.MaximumGrainsPerCob.FixedValue,soc0_10cm,fast,0.03840002800602332,2012
2.150905521641295e-05,0.0019233650554449921,0.03726700323834234,0.05811239845638207,[Maize].Root.SpecificRootLength.FixedValue,soc0_10cm,fast,0.0019018560002285793,2012
1.681221910818513e-05,0.0018759599704826213,0.03438501239522081,0.0640968685021936,[Maize].Phenology.Maturing.Target.FixedValue,soc0_10cm,fast,0.0018591477513744362,2012
0.028066013506748484,0.15731110966931594,0.03576873402118067,0.05926724808780851,[Maize].Leaf.Photosynthesis.RUE.FixedValue,soc0_10cm,fast,0.12924509616256746,2012
0.1612940436969762,0.1954099937565541,0.030274266923886704,0.05878303183059471,[Maize].Grain.MaximumPotentialGrainSize.FixedValue,soc0_10cm,fast,0.034115950059577904,2012
0.0008188099172248603,0.005777274674118593,0.0321167780065561,0.06913728101866157,[Maize].Grain.MaximumNConc.InitialPhase.InitialNconc.FixedValue,soc0_10cm,fast,0.004958464756893733,2012
2.629919003352568e-05,0.003665688611568907,0.031163273795141812,0.06336764280718786,[Maize].Phenology.MaturityToHarvestRipe.Target.FixedValue,soc0_10cm,fast,0.003639389421535381,2012
0.05929020689195756,0.6105949587190136,0.03208966611862737,0.05792604728637039,[Maize].Phenology.Juvenile.Target.FixedValue,Top_respiration,fast,0.5513047518270561,2012
0.010937977823451982,0.012977616144521642,0.034525062364553744,0.059266664683668584,[Maize].Phenology.FlagLeafToFlowering.Target.FixedValue,Top_respiration,fast,0.0020396383210696603,2012
0.0050019814086565886,0.009680546783694788,0.033034915459609605,0.0610038760256442,[Maize].Phenology.FloweringToGrainFilling.Target.FixedValue,Top_respiration,fast,0.004678565375038199,2012
0.028648761558979323,0.04896332142609172,0.028910882480979762,0.056859306918150866,[Maize].Phenology.GrainFilling.Target.FixedValue,Top_respiration,fast,0.0203145598671124,2012
0.0014643408070009385,0.0029081128996869543,0.034068297857441726,0.057131525257990506,[Maize].Cob.DMDemands.Structural.DMDemandFunction.MaximumOrganWt.FixedValue,Top_respiration,fast,0.0014437720926860158,2012
0.043342687667148286,0.059110796895581075,0.033219451802845266,0.05559998971947954,[Maize].Grain.MaximumGrainsPerCob.FixedValue,Top_respiration,fast,0.01576810922843279,2012
1.11450026135018e-05,0.0011412304662943296,0.03352229134937594,0.059566407026132945,[Maize].Root.SpecificRootLength.FixedValue,Top_respiration,fast,0.0011300854636808277,2012
0.00018354982661493725,0.0016768742335628861,0.03321719808517924,0.06012470904622371,[Maize].Phenology.Maturing.Target.FixedValue,Top_respiration,fast,0.001493324406947949,2012
0.32117176757396193,0.715930023152702,0.04003213204055684,0.05533170837201157,[Maize].Leaf.Photosynthesis.RUE.FixedValue,Top_respiration,fast,0.3947582555787401,2012
0.09379598306854385,0.14220011484897876,0.03579097365779385,0.06295237084600237,[Maize].Grain.MaximumPotentialGrainSize.FixedValue,Top_respiration,fast,0.048404131780434914,2012
0.00041334900519477715,0.003072055755612757,0.031355223083282466,0.06215115050065475,[Maize].Grain.MaximumNConc.InitialPhase.InitialNconc.FixedValue,Top_respiration,fast,0.0026587067504179798,2012
0.0013362156839294053,0.006677984467129527,0.03255014433074741,0.057817744218147796,[Maize].Phenology.MaturityToHarvestRipe.Target.FixedValue,Top_respiration,fast,0.005341768783200122,2012
0.5019841698971975,0.9099928202556649,0.038170621321064364,0.06473565533361632,[Maize].Phenology.Juvenile.Target.FixedValue,Yield,fast,0.40800865035846734,2013
0.018734635400216724,0.04017037721218575,0.03853747680894418,0.05852519204015003,[Maize].Phenology.FlagLeafToFlowering.Target.FixedValue,Yield,fast,0.021435741811969024,2013
0.022070470370344656,0.03920379538515073,0.03569684785364001,0.05461294473046762,[Maize].Phenology.FloweringToGrainFilling.Target.FixedValue,Yield,fast,0.017133325014806074,2013
0.0022723321057662453,0.05914144450259495,0.03715136985784223,0.057556319123912236,[Maize].Phenology.GrainFilling.Target.FixedValue,Yield,fast,0.05686911239682871,2013
0.00020128769344149119,0.010202354327337848,0.02754843030098619,0.06221287574476272,[Maize].Cob.DMDemands.Structural.DMDemandFunction.MaximumOrganWt.FixedValue,Yield,fast,0.010001066633896357,2013
0.020646023849482376,0.06228444133076716,0.03423944297975197,0.059442218692956184,[Maize].Grain.MaximumGrainsPerCob.FixedValue,Yield,fast,0.04163841748128479,2013
0.00011864552959655957,0.011285537964266235,0.032618194223874374,0.06911164768359587,[Maize].Root.SpecificRootLength.FixedValue,Yield,fast,0.011166892434669675,2013
0.0004245829175617408,0.013522153510305501,0.033688744829703625,0.058132454337531565,[Maize].Phenology.Maturing.Target.FixedValue,Yield,fast,0.01309757059274376,2013
0.04244530113085124,0.3343845437309445,0.03564085731574807,0.057714691955005545,[Maize].Leaf.Photosynthesis.RUE.FixedValue,Yield,fast,0.2919392426000933,2013
0.019890322219991315,0.05198636113584976,0.030169760046655274,0.05801708743618303,[Maize].Grain.MaximumPotentialGrainSize.FixedValue,Yield,fast,0.03209603891585844,2013
0.0026560861197284387,0.027980775740542696,0.032260003962498784,0.054658695301356114,[Maize].Grain.MaximumNConc.InitialPhase.InitialNconc.FixedValue,Yield,fast,0.02532468962081426,2013
9.240667702796625e-05,0.02555620605995723,0.03420290648426398,0.05507308651113636,[Maize].Phenology.MaturityToHarvestRipe.Target.FixedValue,Yield,fast,0.025463799382929267,2013
0.46509780114853905,0.8316708739071876,0.030829527203804885,0.06116265134036619,[Maize].Phenology.Juvenile.Target.FixedValue,AGB,fast,0.3665730727586486,2013
0.00021932334962288918,0.008575902284920778,0.03346246297038572,0.06643886440849567,[Maize].Phenology.FlagLeafToFlowering.Target.FixedValue,AGB,fast,0.00835657893529789,2013
0.0011880816621212481,0.02075118474648019,0.035698586984648735,0.061054553633164976,[Maize].Phenology.FloweringToGrainFilling.Target.FixedValue,AGB,fast,0.019563103084358942,2013
0.01058607294618351,0.040497237332278835,0.03219514043274791,0.060215544657981845,[Maize].Phenology.GrainFilling.Target.FixedValue,AGB,fast,0.029911164386095326,2013
0.006684295514210531,0.01461067993495102,0.03198646875064637,0.05173969255773597,[Maize].Cob.DMDemands.Structural.DMDemandFunction.MaximumOrganWt.FixedValue,AGB,fast,0.00792638442074049,2013
0.0010779627260055242,0.0279559484751134,0.03565835689964809,0.06194189969802389,[Maize].Grain.MaximumGrainsPerCob.FixedValue,AGB,fast,0.026877985749107876,2013
4.052359080600042e-05,0.0049107482525512225,0.032905798051387734,0.059491474869189036,[Maize].Root.SpecificRootLength.FixedValue,AGB,fast,0.004870224661745222,2013
0.0001900103344358816,0.006078734222348503,0.029581041800403177,0.05980815745337728,[Maize].Phenology.Maturing.Target.FixedValue,AGB,fast,0.005888723887912621,2013
0.011688275172978966,0.4380064470439462,0.03491712454569868,0.058218717726082475,[Maize].Leaf.Photosynthesis.RUE.FixedValue,AGB,fast,0.4263181718709672,2013
0.020686975294997557,0.07700233948768997,0.031577602933486854,0.0615280076387203,[Maize].Grain.MaximumPotentialGrainSize.FixedValue,AGB,fast,0.05631536419269242,2013
0.00362165718366939,0.022267028696880464,0.03340429924360432,0.06365035011027412,[Maize].Grain.MaximumNConc.InitialPhase.InitialNconc.FixedValue,AGB,fast,0.018645371513211075,2013
0.00010025171717434386,0.0163975778449299,0.035343445593958744,0.06294818076793747,[Maize].Phenology.MaturityToHarvestRipe.Target.FixedValue,AGB,fast,0.016297326127755557,2013
0.160022431614196,0.6920541755481893,0.029442020484117877,0.05761299651894209,[Maize].Phenology.Juvenile.Target.FixedValue,TopN2O,fast,0.5320317439339932,2013
3.717250995873574e-05,0.0013474254949912279,0.031302051295396614,0.055533371015494715,[Maize].Phenology.FlagLeafToFlowering.Target.FixedValue,TopN2O,fast,0.0013102529850324922,2013
4.816172086320064e-05,0.0011755220430865743,0.027279991970179083,0.06844658312328747,[Maize].Phenology.FloweringToGrainFilling.Target.FixedValue,TopN2O,fast,0.0011273603222233736,2013
0.0012218973948923287,0.003809133332868697,0.03258720585800894,0.056335154894782115,[Maize].Phenology.GrainFilling.Target.FixedValue,TopN2O,fast,0.0025872359379763687,2013
2.3629086287645137e-05,0.0018915153399740037,0.037315769121484606,0.058796745757783965,[Maize].Cob.DMDemands.Structural.DMDemandFunction.MaximumOrganWt.FixedValue,TopN2O,fast,0.0018678862536863586,2013
0.0015297273756618023,0.00728288593875015,0.03060962563145359,0.058833502988519,[Maize].Grain.MaximumGrainsPerCob.FixedValue,TopN2O,fast,0.005753158563088348,2013
1.2784417092664062e-05,0.001508245242678563,0.03440864190203697,0.06388748507905039,[Maize].Root.SpecificRootLength.FixedValue,TopN2O,fast,0.001495460825585899,2013
1.1217097336534533e-05,0.0013316575714690249,0.03509811073858318,0.061069239182296765,[Maize].Phenology.Maturing.Target.FixedValue,TopN2O,fast,0.0013204404741324904,2013
0.33757057325440004,0.8502789193539231,0.03121431975102772,0.05998470981269066,[Maize].Leaf.Photosynthesis.RUE.FixedValue,TopN2O,fast,0.512708346099523,2013
0.00934852585203534,0.05113999628894783,0.03378426265870648,0.05884252566245019,[Maize].Grain.MaximumPotentialGrainSize.FixedValue,TopN2O,fast,0.04179147043691249,2013
2.3785257034666558e-05,0.0024556948654815836,0.034575280589221644,0.05974800599555347,[Maize].Grain.MaximumNConc.InitialPhase.InitialNconc.FixedValue,TopN2O,fast,0.002431909608446917,2013
6.706026980696986e-06,0.0028435762152979605,0.028212336585820175,0.0596044238340828,[Maize].Phenology.MaturityToHarvestRipe.Target.FixedValue,TopN2O,fast,0.0028368701883172633,2013
0.26592978178789844,0.4774114928906843,0.02943452183875235,0.05520574725748722,[Maize].Phenology.Juvenile.Target.FixedValue,soc0_10cm,fast,0.21148171110278585,2013
0.031233639278628853,0.043747926413089,0.03409436918027384,0.06413987960889395,[Maize].Phenology.FlagLeafToFlowering.Target.FixedValue,soc0_10cm,fast,0.012514287134460147,2013
0.00834659931634388,0.023856052923762694,0.03583293554504679,0.0555890557916453,[Maize].Phenology.FloweringToGrainFilling.Target.FixedValue,soc0_10cm,fast,0.015509453607418814,2013
0.018333277002014536,0.04594384007089736,0.036232052102222925,0.058223418675104895,[Maize].Phenology.GrainFilling.Target.FixedValue,soc0_10cm,fast,0.02761056306888282,2013
0.005579817350335317,0.010222840060985061,0.04021440152667713,0.059488257687647664,[Maize].Cob.DMDemands.Structural.DMDemandFunction.MaximumOrganWt.FixedValue,soc0_10cm,fast,0.004643022710649744,2013
0.16531597429572223,0.2009174545394512,0.031686793531508,0.06156804696599253,[Maize].Grain.MaximumGrainsPerCob.FixedValue,soc0_10cm,fast,0.03560148024372897,2013
1.5708362059530824e-05,0.001954974193852266,0.03257533342746099,0.05582470021331744,[Maize].Root.SpecificRootLength.FixedValue,soc0_10cm,fast,0.0019392658317927349,2013
1.0237958185923989e-05,0.002109855568728447,0.03929733238266344,0.057964690144301646,[Maize].Phenology.Maturing.Target.FixedValue,soc0_10cm,fast,0.002099617610542523,2013
0.035327021538128375,0.1822139380682738,0.037628207705425215,0.05663712943627776,[Maize].Leaf.Photosynthesis.RUE.FixedValue,soc0_10cm,fast,0.1468869165301454,2013
0.15510514235339906,0.18643435460827262,0.030974801344020846,0.05828966626621026,[Maize].Grain.MaximumPotentialGrainSize.FixedValue,soc0_10cm,fast,0.03132921225487356,2013
0.0008453635377033438,0.00591605661268102,0.029604470079367232,0.057983452560881533,[Maize].Grain.MaximumNConc.InitialPhase.InitialNconc.FixedValue,soc0_10cm,fast,0.005070693074977676,2013
1.6207667101681657e-05,0.003609431799535545,0.038186617548060124,0.055591407564833765,[Maize].Phenology.MaturityToHarvestRipe.Target.FixedValue,soc0_10cm,fast,0.0035932241324338637,2013
0.11528720140011696,0.8220868759322797,0.03280981692499726,0.060530388836563885,[Maize].Phenology.Juvenile.Target.FixedValue,Top_respiration,fast,0.7067996745321627,2013
0.0045140523440027735,0.007246160479392083,0.03629076959851158,0.06870134466591615,[Maize].Phenology.FlagLeafToFlowering.Target.FixedValue,Top_respiration,fast,0.0027321081353893096,2013
0.0005400434364793098,0.00383994828703893,0.03042346943778531,0.06286059179718778,[Maize].Phenology.FloweringToGrainFilling.Target.FixedValue,Top_respiration,fast,0.0032999048505596203,2013
0.0038842636993907166,0.020972481665471165,0.028346974597687567,0.0570318406304982,[Maize].Phenology.GrainFilling.Target.FixedValue,Top_respiration,fast,0.017088217966080448,2013
0.0008512412313309993,0.0046640378773540325,0.03736960520517357,0.06284654470555262,[Maize].Cob.DMDemands.Structural.DMDemandFunction.MaximumOrganWt.FixedValue,Top_respiration,fast,0.003812796646023033,2013
0.00827601380204576,0.018479609447794032,0.03216107549594753,0.06013562586189511,[Maize].Grain.MaximumGrainsPerCob.FixedValue,Top_respiration,fast,0.010203595645748272,2013
1.279411385640131e-05,0.0021272119031416903,0.030264450469275537,0.05996771156304747,[Maize].Root.SpecificRootLength.FixedValue,Top_respiration,fast,0.002114417789285289,2013
3.875883914587057e-05,0.0019980579679864663,0.03401096075607017,0.05879313856416721,[Maize].Phenology.Maturing.Target.FixedValue,Top_respiration,fast,0.0019592991288405956,2013
0.16896649251327375,0.8306888251136603,0.03100664340699753,0.05453707184881206,[Maize].Leaf.Photosynthesis.RUE.FixedValue,Top_respiration,fast,0.6617223326003865,2013
0.09599339617756299,0.1686322595601728,0.0367901346663592,0.057075210956028744,[Maize].Grain.MaximumPotentialGrainSize.FixedValue,Top_respiration,fast,0.07263886338260982,2013
0.00010577203143740027,0.005820938477547832,0.03771887186288967,0.0630504663578961,[Maize].Grain.MaximumNConc.InitialPhase.InitialNconc.FixedValue,Top_respiration,fast,0.005715166446110432,2013
0.00025991874339377323,0.005127353681445235,0.03117542832004076,0.0512297695313701,[Maize].Phenology.MaturityToHarvestRipe.Target.FixedValue,Top_respiration,fast,0.0048674349380514615,2013
0.13599437312878376,0.6761436701970159,0.03171133851623964,0.047849861122159366,[Maize].Phenology.Juvenile.Target.FixedValue,Yield,fast,0.5401492970682322,2014
0.004777361470576347,0.02173637036343512,0.03607509421406388,0.060468435850883066,[Maize].Phenology.FlagLeafToFlowering.Target.FixedValue,Yield,fast,0.016959008892858774,2014
0.006437376872148859,0.04898646221177061,0.03242995715899576,0.06628872274339191,[Maize].Phenology.FloweringToGrainFilling.Target.FixedValue,Yield,fast,0.04254908533962175,2014
0.003625492703628672,0.08593773414576733,0.036778442454855495,0.07198505486846823,[Maize].Phenology.GrainFilling.Target.FixedValue,Yield,fast,0.08231224144213865,2014
0.0012861729973860515,0.007081801041146862,0.03294348940577783,0.05470805736176751,[Maize].Cob.DMDemands.Structural.DMDemandFunction.MaximumOrganWt.FixedValue,Yield,fast,0.005795628043760811,2014
0.030390921237918676,0.14634519811091196,0.037483434908131066,0.06173586650011597,[Maize].Grain.MaximumGrainsPerCob.FixedValue,Yield,fast,0.11595427687299328,2014
3.647916441483545e-05,0.006698262656988585,0.03208973556149503,0.061807190511387694,[Maize].Root.SpecificRootLength.FixedValue,Yield,fast,0.006661783492573749,2014
3.2801563607641826e-05,0.005820780997711661,0.03320375450331267,0.05613560125221744,[Maize].Phenology.Maturing.Target.FixedValue,Yield,fast,0.005787979434104019,2014
0.23592594330859368,0.5979811331108658,0.032471332858207906,0.0668798000580881,[Maize].Leaf.Photosynthesis.RUE.FixedValue,Yield,fast,0.3620551898022721,2014
0.04615585000013002,0.2887424685671186,0.03748335766917759,0.055123337247725085,[Maize].Grain.MaximumPotentialGrainSize.FixedValue,Yield,fast,0.2425866185669886,2014
4.787226088451537e-05,0.010146495714820292,0.034231945966125644,0.055365751214428,[Maize].Grain.MaximumNConc.InitialPhase.InitialNconc.FixedValue,Yield,fast,0.010098623453935777,2014
7.874295991235185e-05,0.00590172633986541,0.03735933463565772,0.05348615042487537,[Maize].Phenology.MaturityToHarvestRipe.Target.FixedValue,Yield,fast,0.005822983379953058,2014
0.21307566773634531,0.7017617474993025,0.033061277431292814,0.0624581463091388,[Maize].Phenology.Juvenile.Target.FixedValue,AGB,fast,0.4886860797629572,2014
0.006496306831357936,0.01224566535787086,0.03574363873951639,0.0721684790748451,[Maize].Phenology.FlagLeafToFlowering.Target.FixedValue,AGB,fast,0.005749358526512925,2014
0.003107658535882694,0.013690624056824974,0.033780104528597595,0.05680097628511094,[Maize].Phenology.FloweringToGrainFilling.Target.FixedValue,AGB,fast,0.01058296552094228,2014
0.0009705840976940267,0.018801257021784257,0.03172009376184436,0.05369730807891627,[Maize].Phenology.GrainFilling.Target.FixedValue,AGB,fast,0.01783067292409023,2014
0.0026116102403398313,0.007299549159166752,0.0364742879655355,0.06053103773472055,[Maize].Cob.DMDemands.Structural.DMDemandFunction.MaximumOrganWt.FixedValue,AGB,fast,0.00468793891882692,2014
0.008137830664582301,0.02622122737909105,0.034411030537843154,0.06340097115171887,[Maize].Grain.MaximumGrainsPerCob.FixedValue,AGB,fast,0.01808339671450875,2014
2.423400890051779e-06,0.002348648536125042,0.03257768303669065,0.061386629050711794,[Maize].Root.SpecificRootLength.FixedValue,AGB,fast,0.0023462251352349903,2014
6.53909821210672e-06,0.002122396639796742,0.03310436035361151,0.05398837271856512,[Maize].Phenology.Maturing.Target.FixedValue,AGB,fast,0.0021158575415846353,2014
0.158065130654414,0.6338576040005388,0.03425359173688221,0.06538944407468246,[Maize].Leaf.Photosynthesis.RUE.FixedValue,AGB,fast,0.47579247334612484,2014
0.04739423070293309,0.16080585289066718,0.03197934570155918,0.060443992113213996,[Maize].Grain.MaximumPotentialGrainSize.FixedValue,AGB,fast,0.1134116221877341,2014
0.0003891851875825575,0.004344189726757319,0.035822142454271275,0.06558435775291484,[Maize].Grain.MaximumNConc.InitialPhase.InitialNconc.FixedValue,AGB,fast,0.003955004539174762,2014
4.9982826424258464e-05,0.002686906284518953,0.03538346152152073,0.06431025350401454,[Maize].Phenology.MaturityToHarvestRipe.Target.FixedValue,AGB,fast,0.0026369234580946943,2014
0.11195798200128564,0.7046163072902987,0.03383732843177601,0.052630051328965234,[Maize].Phenology.Juvenile.Target.FixedValue,TopN2O,fast,0.5926583252890131,2014
8.73205840693689e-06,0.0009803181866900879,0.027026753663541205,0.06476491869482545,[Maize].Phenology.FlagLeafToFlowering.Target.FixedValue,TopN2O,fast,0.000971586128283151,2014
4.0820528772917154e-05,0.000929798356137157,0.029738296908967298,0.06010268453113475,[Maize].Phenology.FloweringToGrainFilling.Target.FixedValue,TopN2O,fast,0.0008889778273642398,2014
0.0015920265493630547,0.014555136047390893,0.035862735811300256,0.06947232741494927,[Maize].Phenology.GrainFilling.Target.FixedValue,TopN2O,fast,0.012963109498027838,2014
6.282741300894788e-05,0.0025952380928901952,0.03144052226682291,0.06680036023262316,[Maize].Cob.DMDemands.Structural.DMDemandFunction.MaximumOrganWt.FixedValue,TopN2O,fast,0.0025324106798812474,2014
0.0007756349855509995,0.006201208137873171,0.03404955650074247,0.06404590837595045,[Maize].Grain.MaximumGrainsPerCob.FixedValue,TopN2O,fast,0.005425573152322172,2014
1.0961239480164026e-05,0.00082009488860324,0.03540378561326278,0.06098155059750263,[Maize].Root.SpecificRootLength.FixedValue,TopN2O,fast,0.000809133649123076,2014
1.522273988341359e-05,0.0007375853577276104,0.02992314558196537,0.05954462975793897,[Maize].Phenology.Maturing.Target.FixedValue,TopN2O,fast,0.0007223626178441968,2014
0.3021316504143224,0.9144880973819254,0.03412817179540986,0.04901640497674724,[Maize].Leaf.Photosynthesis.RUE.FixedValue,TopN2O,fast,0.612356446967603,2014
0.007589655027697882,0.06810657301065381,0.038034598496423135,0.0559221526571103,[Maize].Grain.MaximumPotentialGrainSize.FixedValue,TopN2O,fast,0.060516917982955935,2014
2.2820764408577853e-05,0.004007365315692124,0.0278624151327514,0.05936476200762058,[Maize].Grain.MaximumNConc.InitialPhase.InitialNconc.FixedValue,TopN2O,fast,0.003984544551283546,2014
0.0002806225947961838,0.008223080120428272,0.039080893078327975,0.05533270248764562,[Maize].Phenology.MaturityToHarvestRipe.Target.FixedValue,TopN2O,fast,0.007942457525632088,2014
0.21210526036144692,0.42702433588029143,0.03641322335099867,0.056567929007973985,[Maize].Phenology.Juvenile.Target.FixedValue,soc0_10cm,fast,0.2149190755188445,2014
0.03616793216849156,0.04985770515363608,0.03150395950662099,0.05783774783666594,[Maize].Phenology.FlagLeafToFlowering.Target.FixedValue,soc0_10cm,fast,0.013689772985144517,2014
0.008648785953944655,0.026379973845143123,0.027641602597250698,0.06115140778527907,[Maize].Phenology.FloweringToGrainFilling.Target.FixedValue,soc0_10cm,fast,0.017731187891198468,2014
0.02544066686475601,0.06054257764619575,0.03453258217829529,0.049126680920672766,[Maize].Phenology.GrainFilling.Target.FixedValue,soc0_10cm,fast,0.03510191078143974,2014
0.007259979835926665,0.012503085075336817,0.034605745376782,0.06138201607477146,[Maize].Cob.DMDemands.Structural.DMDemandFunction.MaximumOrganWt.FixedValue,soc0_10cm,fast,0.005243105239410152,2014
0.18570931989880082,0.22803910780724057,0.03728413080904138,0.061608203315514254,[Maize].Grain.MaximumGrainsPerCob.FixedValue,soc0_10cm,fast,0.04232978790843975,2014
2.9483427758693588e-05,0.0022034550644717266,0.035247925805744394,0.06925257850822397,[Maize].Root.SpecificRootLength.FixedValue,soc0_10cm,fast,0.002173971636713033,2014
1.8309046516376248e-05,0.0023977973093666227,0.030975934645417518,0.06089131527724472,[Maize].Phenology.Maturing.Target.FixedValue,soc0_10cm,fast,0.0023794882628502463,2014
0.039175196720524726,0.1881562681182306,0.03321165013653836,0.06472192789063594,[Maize].Leaf.Photosynthesis.RUE.FixedValue,soc0_10cm,fast,0.1489810713977059,2014
0.16654008345414983,0.20214248645031507,0.026990846293860987,0.053461994413669424,[Maize].Grain.MaximumPotentialGrainSize.FixedValue,soc0_10cm,fast,0.03560240299616524,2014
0.0010849446235251072,0.006745829734163267,0.035625559956054764,0.06430460883932594,[Maize].Grain.MaximumNConc.InitialPhase.InitialNconc.FixedValue,soc0_10cm,fast,0.005660885110638159,2014
1.155058654890051e-05,0.0037245715464622187,0.0359456324300535,0.06001934192778015,[Maize].Phenology.MaturityToHarvestRipe.Target.FixedValue,soc0_10cm,fast,0.003713020959913318,2014
0.05967912546269164,0.7451146416504527,0.037125788298680684,0.05837248143700931,[Maize].Phenology.Juvenile.Target.FixedValue,Top_respiration,fast,0.6854355161877611,2014
0.0055297084286218745,0.00869667535889318,0.03217637233790447,0.058935209034689406,[Maize].Phenology.FlagLeafToFlowering.Target.FixedValue,Top_respiration,fast,0.0031669669302713055,2014
0.0014959453327598106,0.00980731854068273,0.031552828809742105,0.06428814466104472,[Maize].Phenology.FloweringToGrainFilling.Target.FixedValue,Top_respiration,fast,0.008311373207922919,2014
0.0009339754187808336,0.0168942649144026,0.03598357666272822,0.05142648190881191,[Maize].Phenology.GrainFilling.Target.FixedValue,Top_respiration,fast,0.01596028949562177,2014
0.001862376709379321,0.005064328133019491,0.02888181321313418,0.061245750985268986,[Maize].Cob.DMDemands.Structural.DMDemandFunction.MaximumOrganWt.FixedValue,Top_respiration,fast,0.0032019514236401704,2014
0.023098684847213877,0.03421943144772677,0.02973287950055237,0.0589881483525717,[Maize].Grain.MaximumGrainsPerCob.FixedValue,Top_respiration,fast,0.01112074660051289,2014
1.335583541719038e-05,0.0021876200129827827,0.029145721753387976,0.054684856065417814,[Maize].Root.SpecificRootLength.FixedValue,Top_respiration,fast,0.0021742641775655924,2014
4.8909049551032774e-05,0.002212937799820347,0.0326327245547215,0.060237014274309365,[Maize].Phenology.Maturing.Target.FixedValue,Top_respiration,fast,0.0021640287502693143,2014
0.21604537583582129,0.7369851719447582,0.02715251937725778,0.05282713458550882,[Maize].Leaf.Photosynthesis.RUE.FixedValue,Top_respiration,fast,0.5209397961089369,2014
0.18789842768727089,0.24417447104905954,0.036990506771322276,0.06478202305744758,[Maize].Grain.MaximumPotentialGrainSize.FixedValue,Top_respiration,fast,0.05627604336178865,2014
0.00047084780050159653,0.005183236714681239,0.03541433596499021,0.057434519219944025,[Maize].Grain.MaximumNConc.InitialPhase.InitialNconc.FixedValue,Top_respiration,fast,0.004712388914179642,2014
0.0002741682020179096,0.006390331759214329,0.03508507932225373,0.06229439886824172,[Maize].Phenology.MaturityToHarvestRipe.Target.FixedValue,Top_respiration,fast,0.00611616355719642,2014
